Timestamp,Content
2025-07-08T11:56:42.239677800,https://qrfy.io/cAWB0xD_MO
2025-07-08T11:56:42.276882200,https://qrfy.io/cAWB0xD_MO
2025-07-08T11:56:42.294535800,https://qrfy.io/cAWB0xD_MO
2025-07-08T11:56:42.337756100,https://qrfy.io/cAWB0xD_MO
2025-07-08T11:56:42.354365400,https://qrfy.io/cAWB0xD_MO
2025-07-08T11:56:42.402752100,https://qrfy.io/cAWB0xD_MO
2025-07-08T11:56:42.417169200,https://qrfy.io/cAWB0xD_MO
2025-07-08T11:56:42.472032100,https://qrfy.io/cAWB0xD_MO
2025-07-08T11:56:42.487297,https://qrfy.io/cAWB0xD_MO
2025-07-08T11:56:42.533943400,https://qrfy.io/cAWB0xD_MO
2025-07-08T11:56:42.548884400,https://qrfy.io/cAWB0xD_MO
2025-07-08T11:56:42.615995600,https://qrfy.io/cAWB0xD_MO
2025-07-08T11:56:42.628717200,https://qrfy.io/cAWB0xD_MO
2025-07-08T11:56:42.677816900,https://qrfy.io/cAWB0xD_MO
2025-07-08T11:56:42.695478400,https://qrfy.io/cAWB0xD_MO
2025-07-08T11:56:42.737221800,https://qrfy.io/cAWB0xD_MO
2025-07-08T11:56:42.754068800,https://qrfy.io/cAWB0xD_MO
2025-07-08T11:56:42.805439900,https://qrfy.io/cAWB0xD_MO
2025-07-08T11:56:42.821720100,https://qrfy.io/cAWB0xD_MO
2025-07-08T11:56:42.866127700,https://qrfy.io/cAWB0xD_MO
2025-07-08T11:56:42.882489200,https://qrfy.io/cAWB0xD_MO
2025-07-08T11:56:42.935747900,https://qrfy.io/cAWB0xD_MO
2025-07-08T11:56:42.951954400,https://qrfy.io/cAWB0xD_MO
2025-07-08T11:56:43.015047500,https://qrfy.io/cAWB0xD_MO
2025-07-08T11:56:43.031511,https://qrfy.io/cAWB0xD_MO
2025-07-08T11:56:43.075967600,https://qrfy.io/cAWB0xD_MO
2025-07-08T11:56:43.093343,https://qrfy.io/cAWB0xD_MO
2025-07-08T11:56:43.138587400,https://qrfy.io/cAWB0xD_MO
2025-07-08T11:56:43.163162100,https://qrfy.io/cAWB0xD_MO
2025-07-08T11:56:43.202243100,https://qrfy.io/cAWB0xD_MO
2025-07-08T11:56:43.220003400,https://qrfy.io/cAWB0xD_MO
2025-07-08T11:56:43.267418700,https://qrfy.io/cAWB0xD_MO
2025-07-08T11:56:50.082350400,https://qrfy.io/cAWB0xD_MO
2025-07-08T11:56:50.152508500,https://qrfy.io/cAWB0xD_MO
2025-07-08T11:56:50.169252400,https://qrfy.io/cAWB0xD_MO
2025-07-08T11:56:50.209972,https://qrfy.io/cAWB0xD_MO
2025-07-08T11:56:50.225329,https://qrfy.io/cAWB0xD_MO
2025-07-08T11:56:50.275617400,https://qrfy.io/cAWB0xD_MO
2025-07-08T11:56:50.816328800,https://qrfy.io/cAWB0xD_MO
2025-07-08T11:56:50.864019200,https://qrfy.io/cAWB0xD_MO
2025-07-08T11:56:50.956401900,https://qrfy.io/cAWB0xD_MO
2025-07-08T11:56:51.012043500,https://qrfy.io/cAWB0xD_MO
2025-07-08T11:56:51.428159800,https://qrfy.io/cAWB0xD_MO
2025-07-08T11:56:51.475318100,https://qrfy.io/cAWB0xD_MO
2025-07-08T11:56:51.492235600,https://qrfy.io/cAWB0xD_MO
2025-07-08T11:56:51.540752100,https://qrfy.io/cAWB0xD_MO
2025-07-08T11:56:51.614513800,https://qrfy.io/cAWB0xD_MO
2025-07-08T11:56:51.664042700,https://qrfy.io/cAWB0xD_MO
2025-07-08T11:56:51.680726300,https://qrfy.io/cAWB0xD_MO
2025-07-08T11:56:51.745295500,https://qrfy.io/cAWB0xD_MO
2025-07-08T11:56:51.761563900,https://qrfy.io/cAWB0xD_MO
2025-07-08T11:56:51.812440100,https://qrfy.io/cAWB0xD_MO
2025-07-08T11:56:51.828533600,https://qrfy.io/cAWB0xD_MO
2025-07-08T11:56:51.874215,https://qrfy.io/cAWB0xD_MO
2025-07-08T11:56:51.890475700,https://qrfy.io/cAWB0xD_MO
2025-07-08T11:56:51.938804500,https://qrfy.io/cAWB0xD_MO
2025-07-08T11:56:51.961841700,https://qrfy.io/cAWB0xD_MO
2025-07-08T11:56:52.002511200,https://qrfy.io/cAWB0xD_MO
2025-07-08T11:56:52.019022100,https://qrfy.io/cAWB0xD_MO
2025-07-08T11:56:52.067346400,https://qrfy.io/cAWB0xD_MO
2025-07-08T11:56:52.083390500,https://qrfy.io/cAWB0xD_MO
2025-07-08T11:56:52.144830,https://qrfy.io/cAWB0xD_MO
2025-07-08T11:56:55.551206800,https://qrfy.io/cAWB0xD_MO
2025-07-08T11:56:55.604890500,https://qrfy.io/cAWB0xD_MO
2025-07-08T11:57:01.362319300,https://qrfy.io/cAWB0xD_MO
2025-07-08T11:57:01.410117500,https://qrfy.io/cAWB0xD_MO
2025-07-08T11:57:01.425071,https://qrfy.io/cAWB0xD_MO
2025-07-08T11:57:01.476958500,https://qrfy.io/cAWB0xD_MO
2025-07-08T11:57:01.491528600,https://qrfy.io/cAWB0xD_MO
2025-07-08T11:57:01.544041900,https://qrfy.io/cAWB0xD_MO
2025-07-08T11:57:01.560099500,https://qrfy.io/cAWB0xD_MO
2025-07-08T11:57:01.604911700,https://qrfy.io/cAWB0xD_MO
2025-07-08T11:57:01.621575200,https://qrfy.io/cAWB0xD_MO
2025-07-08T11:57:01.667051200,https://qrfy.io/cAWB0xD_MO
2025-07-08T11:57:01.683523300,https://qrfy.io/cAWB0xD_MO
2025-07-08T11:57:01.744971500,https://qrfy.io/cAWB0xD_MO
2025-07-08T11:57:01.760556500,https://qrfy.io/cAWB0xD_MO
2025-07-08T11:57:01.812326500,https://qrfy.io/cAWB0xD_MO
2025-07-08T11:57:01.829543900,https://qrfy.io/cAWB0xD_MO
2025-07-08T11:57:01.872499200,https://qrfy.io/cAWB0xD_MO
2025-07-08T11:57:02.220148300,https://qrfy.io/cAWB0xD_MO
2025-07-08T11:57:02.275572100,https://qrfy.io/cAWB0xD_MO
2025-07-08T11:57:11.696153900,https://qrfy.io/cAWB0xD_MO
2025-07-08T11:57:11.746718800,https://qrfy.io/cAWB0xD_MO
2025-07-08T11:57:12.099801300,https://qrfy.io/cAWB0xD_MO
2025-07-08T11:57:12.147297,https://qrfy.io/cAWB0xD_MO
2025-07-08T11:57:12.412303400,https://qrfy.io/cAWB0xD_MO
2025-07-08T11:57:12.485042100,https://qrfy.io/cAWB0xD_MO
2025-07-08T11:57:12.499923,https://qrfy.io/cAWB0xD_MO
2025-07-08T11:57:12.548500700,https://qrfy.io/cAWB0xD_MO
2025-07-08T11:57:12.563295300,https://qrfy.io/cAWB0xD_MO
2025-07-08T11:57:12.611316200,https://qrfy.io/cAWB0xD_MO
2025-07-08T11:57:12.626648500,https://qrfy.io/cAWB0xD_MO
2025-07-08T11:57:12.680436600,https://qrfy.io/cAWB0xD_MO
2025-07-08T11:57:12.697121500,https://qrfy.io/cAWB0xD_MO
2025-07-08T11:57:12.741116500,https://qrfy.io/cAWB0xD_MO
2025-07-08T11:57:12.757830500,https://qrfy.io/cAWB0xD_MO
2025-07-08T11:57:12.799916600,https://qrfy.io/cAWB0xD_MO
2025-07-08T11:57:12.816756,https://qrfy.io/cAWB0xD_MO
2025-07-08T11:57:12.887340300,https://qrfy.io/cAWB0xD_MO
2025-07-08T11:57:13.086258300,https://qrfy.io/cAWB0xD_MO
2025-07-08T11:57:13.141428800,https://qrfy.io/cAWB0xD_MO
2025-07-08T11:57:13.151666700,https://qrfy.io/cAWB0xD_MO
2025-07-08T11:57:13.202492600,https://qrfy.io/cAWB0xD_MO
2025-07-08T11:57:13.219368700,https://qrfy.io/cAWB0xD_MO
2025-07-08T11:57:13.278899700,https://qrfy.io/cAWB0xD_MO
2025-07-08T11:57:13.295517,https://qrfy.io/cAWB0xD_MO
2025-07-08T11:57:13.342496300,https://qrfy.io/cAWB0xD_MO
2025-07-08T11:57:13.360423500,https://qrfy.io/cAWB0xD_MO
2025-07-08T11:57:13.410635400,https://qrfy.io/cAWB0xD_MO
2025-07-08T11:57:13.611722200,https://qrfy.io/cAWB0xD_MO
2025-07-08T11:57:13.684762100,https://qrfy.io/cAWB0xD_MO
2025-07-08T11:57:13.702336400,https://qrfy.io/cAWB0xD_MO
2025-07-08T11:57:13.744306900,https://qrfy.io/cAWB0xD_MO
2025-07-08T11:57:13.760348500,https://qrfy.io/cAWB0xD_MO
2025-07-08T11:57:13.807131800,https://qrfy.io/cAWB0xD_MO
2025-07-08T11:57:14.161325400,https://qrfy.io/cAWB0xD_MO
2025-07-08T11:57:14.211292300,https://qrfy.io/cAWB0xD_MO
2025-07-08T11:57:14.282012500,https://qrfy.io/cAWB0xD_MO
2025-07-08T11:57:14.340786100,https://qrfy.io/cAWB0xD_MO
2025-07-08T11:57:14.413684600,https://qrfy.io/cAWB0xD_MO
2025-07-08T11:57:14.479788500,https://qrfy.io/cAWB0xD_MO
2025-07-08T11:57:14.497639900,https://qrfy.io/cAWB0xD_MO
2025-07-08T11:57:14.550282300,https://qrfy.io/cAWB0xD_MO
2025-07-08T11:57:14.749471300,https://qrfy.io/cAWB0xD_MO
2025-07-08T11:57:14.804930900,https://qrfy.io/cAWB0xD_MO
2025-07-08T11:57:15.089397300,https://qrfy.io/cAWB0xD_MO
2025-07-08T11:57:15.137028100,https://qrfy.io/cAWB0xD_MO
2025-07-08T11:57:15.358619100,https://qrfy.io/cAWB0xD_MO
2025-07-08T11:57:15.408598400,https://qrfy.io/cAWB0xD_MO
2025-07-08T11:57:16.351936300,https://qrfy.io/cAWB0xD_MO
2025-07-08T11:57:16.402959400,https://qrfy.io/cAWB0xD_MO
2025-07-08T11:57:16.814683400,https://qrfy.io/cAWB0xD_MO
2025-07-08T11:57:16.883924800,https://qrfy.io/cAWB0xD_MO
2025-07-08T11:57:16.898612300,https://qrfy.io/cAWB0xD_MO
2025-07-08T11:57:16.946918600,https://qrfy.io/cAWB0xD_MO
2025-07-08T11:57:17.019493600,https://qrfy.io/cAWB0xD_MO
2025-07-08T11:57:17.072056900,https://qrfy.io/cAWB0xD_MO
2025-07-08T11:57:17.819080500,https://qrfy.io/cAWB0xD_MO
2025-07-08T11:57:17.878804400,https://qrfy.io/cAWB0xD_MO
2025-07-08T11:57:18.156733300,https://qrfy.io/cAWB0xD_MO
2025-07-08T11:57:18.212668900,https://qrfy.io/cAWB0xD_MO
2025-07-08T11:57:18.228487300,https://qrfy.io/cAWB0xD_MO
2025-07-08T11:57:18.277965,https://qrfy.io/cAWB0xD_MO
2025-07-08T11:57:18.294112700,https://qrfy.io/cAWB0xD_MO
2025-07-08T11:57:18.337174700,https://qrfy.io/cAWB0xD_MO
2025-07-08T11:57:18.353703400,https://qrfy.io/cAWB0xD_MO
2025-07-08T11:57:18.404968800,https://qrfy.io/cAWB0xD_MO
2025-07-08T11:57:18.419863300,https://qrfy.io/cAWB0xD_MO
2025-07-08T11:57:18.484642100,https://qrfy.io/cAWB0xD_MO
2025-07-08T11:57:18.500017500,https://qrfy.io/cAWB0xD_MO
2025-07-08T11:57:18.543096900,https://qrfy.io/cAWB0xD_MO
2025-07-08T11:57:18.559859700,https://qrfy.io/cAWB0xD_MO
2025-07-08T11:57:18.607689200,https://qrfy.io/cAWB0xD_MO
2025-07-08T11:57:18.623051800,https://qrfy.io/cAWB0xD_MO
2025-07-08T11:57:18.678805900,https://qrfy.io/cAWB0xD_MO
2025-07-08T11:57:18.694345100,https://qrfy.io/cAWB0xD_MO
2025-07-08T11:57:18.738631600,https://qrfy.io/cAWB0xD_MO
2025-07-08T11:57:18.751940900,https://qrfy.io/cAWB0xD_MO
2025-07-08T11:57:18.804625400,https://qrfy.io/cAWB0xD_MO
2025-07-08T11:57:18.821409,https://qrfy.io/cAWB0xD_MO
2025-07-08T11:57:18.885225400,https://qrfy.io/cAWB0xD_MO
2025-07-08T11:57:19.357779600,https://qrfy.io/cAWB0xD_MO
2025-07-08T11:57:19.411058700,https://qrfy.io/cAWB0xD_MO
2025-07-08T11:57:19.426615500,https://qrfy.io/cAWB0xD_MO
2025-07-08T11:57:19.472182900,https://qrfy.io/cAWB0xD_MO
2025-07-08T11:57:19.486420600,https://qrfy.io/cAWB0xD_MO
2025-07-08T11:57:19.536758300,https://qrfy.io/cAWB0xD_MO
2025-07-08T11:57:19.552265900,https://qrfy.io/cAWB0xD_MO
2025-07-08T11:57:19.601503300,https://qrfy.io/cAWB0xD_MO
2025-07-08T11:57:19.619971100,https://qrfy.io/cAWB0xD_MO
2025-07-08T11:57:19.680014100,https://qrfy.io/cAWB0xD_MO
2025-07-08T11:57:19.695059800,https://qrfy.io/cAWB0xD_MO
2025-07-08T11:57:19.744051800,https://qrfy.io/cAWB0xD_MO
2025-07-08T11:57:19.759487800,https://qrfy.io/cAWB0xD_MO
2025-07-08T11:57:19.807758500,https://qrfy.io/cAWB0xD_MO
2025-07-08T11:57:19.822307,https://qrfy.io/cAWB0xD_MO
2025-07-08T11:57:19.873565700,https://qrfy.io/cAWB0xD_MO
2025-07-08T11:57:19.888198600,https://qrfy.io/cAWB0xD_MO
2025-07-08T11:57:19.935955100,https://qrfy.io/cAWB0xD_MO
2025-07-08T11:57:19.949987900,https://qrfy.io/cAWB0xD_MO
2025-07-08T11:57:20.001363500,https://qrfy.io/cAWB0xD_MO
2025-07-08T11:57:20.020334,https://qrfy.io/cAWB0xD_MO
2025-07-08T11:57:20.081907900,https://qrfy.io/cAWB0xD_MO
2025-07-08T11:57:20.098514900,https://qrfy.io/cAWB0xD_MO
2025-07-08T11:57:20.143602200,https://qrfy.io/cAWB0xD_MO
2025-07-08T11:57:20.159242300,https://qrfy.io/cAWB0xD_MO
2025-07-08T11:57:20.211251,https://qrfy.io/cAWB0xD_MO
2025-07-08T11:57:20.226437500,https://qrfy.io/cAWB0xD_MO
2025-07-08T11:57:20.276868300,https://qrfy.io/cAWB0xD_MO
2025-07-08T11:57:20.292514100,https://qrfy.io/cAWB0xD_MO
2025-07-08T11:57:20.339270200,https://qrfy.io/cAWB0xD_MO
2025-07-08T11:57:20.354705200,https://qrfy.io/cAWB0xD_MO
2025-07-08T11:57:20.404234100,https://qrfy.io/cAWB0xD_MO
2025-07-08T11:57:20.420253600,https://qrfy.io/cAWB0xD_MO
2025-07-08T11:57:20.483499300,https://qrfy.io/cAWB0xD_MO
2025-07-08T11:57:20.499442800,https://qrfy.io/cAWB0xD_MO
2025-07-08T11:57:20.548008100,https://qrfy.io/cAWB0xD_MO
2025-07-08T11:57:20.563265100,https://qrfy.io/cAWB0xD_MO
2025-07-08T11:57:20.609085900,https://qrfy.io/cAWB0xD_MO
2025-07-08T11:57:20.624420200,https://qrfy.io/cAWB0xD_MO
2025-07-08T11:57:20.668445500,https://qrfy.io/cAWB0xD_MO
2025-07-08T11:57:20.685997500,https://qrfy.io/cAWB0xD_MO
2025-07-08T11:57:20.737758500,https://qrfy.io/cAWB0xD_MO
2025-07-08T11:57:20.757169500,https://qrfy.io/cAWB0xD_MO
2025-07-08T11:57:20.804542400,https://qrfy.io/cAWB0xD_MO
2025-07-08T11:57:20.819983800,https://qrfy.io/cAWB0xD_MO
2025-07-08T11:57:20.887102400,https://qrfy.io/cAWB0xD_MO
2025-07-08T11:57:20.903615600,https://qrfy.io/cAWB0xD_MO
2025-07-08T11:57:20.946931900,https://qrfy.io/cAWB0xD_MO
2025-07-08T11:57:20.962471500,https://qrfy.io/cAWB0xD_MO
2025-07-08T11:57:21.011197500,https://qrfy.io/cAWB0xD_MO
2025-07-08T11:57:21.026548400,https://qrfy.io/cAWB0xD_MO
2025-07-08T11:57:21.079066400,https://qrfy.io/cAWB0xD_MO
2025-07-08T11:57:21.094629200,https://qrfy.io/cAWB0xD_MO
2025-07-08T11:57:21.138790900,https://qrfy.io/cAWB0xD_MO
2025-07-08T11:57:21.158541800,https://qrfy.io/cAWB0xD_MO
2025-07-08T11:57:21.199776900,https://qrfy.io/cAWB0xD_MO
2025-07-08T11:57:21.216726800,https://qrfy.io/cAWB0xD_MO
2025-07-08T11:57:21.282624700,https://qrfy.io/cAWB0xD_MO
2025-07-08T11:57:21.296801900,https://qrfy.io/cAWB0xD_MO
2025-07-08T11:57:21.343759700,https://qrfy.io/cAWB0xD_MO
2025-07-08T11:57:21.357594200,https://qrfy.io/cAWB0xD_MO
2025-07-08T11:57:21.414353100,https://qrfy.io/cAWB0xD_MO
2025-07-08T11:57:21.431866200,https://qrfy.io/cAWB0xD_MO
2025-07-08T11:57:21.474886300,https://qrfy.io/cAWB0xD_MO
2025-07-08T11:57:21.490961500,https://qrfy.io/cAWB0xD_MO
2025-07-08T11:57:21.543015100,https://qrfy.io/cAWB0xD_MO
2025-07-08T11:57:21.560743200,https://qrfy.io/cAWB0xD_MO
2025-07-08T11:57:21.601796600,https://qrfy.io/cAWB0xD_MO
2025-07-08T11:57:21.619431300,https://qrfy.io/cAWB0xD_MO
2025-07-08T11:57:21.685786100,https://qrfy.io/cAWB0xD_MO
2025-07-08T11:57:21.701236200,https://qrfy.io/cAWB0xD_MO
2025-07-08T11:57:21.744431600,https://qrfy.io/cAWB0xD_MO
2025-07-08T11:57:21.759607700,https://qrfy.io/cAWB0xD_MO
2025-07-08T11:57:21.813846,https://qrfy.io/cAWB0xD_MO
2025-07-08T11:57:21.831209500,https://qrfy.io/cAWB0xD_MO
2025-07-08T11:57:21.882363500,https://qrfy.io/cAWB0xD_MO
2025-07-08T11:57:21.900196500,https://qrfy.io/cAWB0xD_MO
2025-07-08T11:57:21.937518,https://qrfy.io/cAWB0xD_MO
2025-07-08T11:57:21.952339300,https://qrfy.io/cAWB0xD_MO
2025-07-08T11:57:22.005483,https://qrfy.io/cAWB0xD_MO
2025-07-08T11:57:22.021515100,https://qrfy.io/cAWB0xD_MO
2025-07-08T11:57:22.083540800,https://qrfy.io/cAWB0xD_MO
2025-07-08T11:57:22.103685300,https://qrfy.io/cAWB0xD_MO
2025-07-08T11:57:22.145366900,https://qrfy.io/cAWB0xD_MO
2025-07-08T11:57:22.170508700,https://qrfy.io/cAWB0xD_MO
2025-07-08T11:57:22.209121700,https://qrfy.io/cAWB0xD_MO
2025-07-08T11:57:22.226541800,https://qrfy.io/cAWB0xD_MO
2025-07-08T11:57:22.273168800,https://qrfy.io/cAWB0xD_MO
2025-07-08T11:57:22.351532700,https://qrfy.io/cAWB0xD_MO
2025-07-08T11:57:22.401003,https://qrfy.io/cAWB0xD_MO
2025-07-08T11:57:22.416202700,https://qrfy.io/cAWB0xD_MO
2025-07-08T11:57:22.486443300,https://qrfy.io/cAWB0xD_MO
2025-07-08T11:57:22.622529600,https://qrfy.io/cAWB0xD_MO
2025-07-08T11:57:22.676334900,https://qrfy.io/cAWB0xD_MO
2025-07-08T11:57:22.693665800,https://qrfy.io/cAWB0xD_MO
2025-07-08T11:57:22.737047800,https://qrfy.io/cAWB0xD_MO
2025-07-08T11:57:22.751728600,https://qrfy.io/cAWB0xD_MO
2025-07-08T11:57:22.800017700,https://qrfy.io/cAWB0xD_MO
2025-07-08T11:57:22.812541700,https://qrfy.io/cAWB0xD_MO
2025-07-08T11:57:22.886702100,https://qrfy.io/cAWB0xD_MO
2025-07-08T11:57:22.901984800,https://qrfy.io/cAWB0xD_MO
2025-07-08T11:57:22.945841400,https://qrfy.io/cAWB0xD_MO
2025-07-08T11:57:22.961774600,https://qrfy.io/cAWB0xD_MO
2025-07-08T11:57:23.009445400,https://qrfy.io/cAWB0xD_MO
2025-07-08T11:57:23.025380500,https://qrfy.io/cAWB0xD_MO
2025-07-08T11:57:23.072089400,https://qrfy.io/cAWB0xD_MO
2025-07-08T11:57:23.087002600,https://qrfy.io/cAWB0xD_MO
2025-07-08T11:57:23.135642900,https://qrfy.io/cAWB0xD_MO
2025-07-08T11:57:23.152367300,https://qrfy.io/cAWB0xD_MO
2025-07-08T11:57:23.201786300,https://qrfy.io/cAWB0xD_MO
2025-07-08T11:57:23.613848400,https://qrfy.io/cAWB0xD_MO
2025-07-08T11:57:23.684437800,https://qrfy.io/cAWB0xD_MO
2025-07-08T11:57:24.223224800,https://qrfy.io/cAWB0xD_MO
2025-07-08T11:57:24.271468700,https://qrfy.io/cAWB0xD_MO
2025-07-08T11:57:24.286676600,https://qrfy.io/cAWB0xD_MO
2025-07-08T11:57:24.336054800,https://qrfy.io/cAWB0xD_MO
2025-07-08T11:57:24.351533400,https://qrfy.io/cAWB0xD_MO
2025-07-08T11:57:24.402451,https://qrfy.io/cAWB0xD_MO
2025-07-08T11:57:24.420645200,https://qrfy.io/cAWB0xD_MO
2025-07-08T11:57:24.486683600,https://qrfy.io/cAWB0xD_MO
2025-07-08T11:57:24.746884800,https://qrfy.io/cAWB0xD_MO
2025-07-08T11:57:24.800756300,https://qrfy.io/cAWB0xD_MO
2025-07-08T11:57:26.352973200,https://qrfy.io/cAWB0xD_MO
2025-07-08T11:57:26.402922800,https://qrfy.io/cAWB0xD_MO
2025-07-08T11:57:26.626856600,https://qrfy.io/cAWB0xD_MO
2025-07-08T11:57:26.676270700,https://qrfy.io/cAWB0xD_MO
2025-07-08T11:57:26.959946700,https://qrfy.io/cAWB0xD_MO
2025-07-08T11:57:27.012137200,https://qrfy.io/cAWB0xD_MO
2025-07-08T11:57:27.026908500,https://qrfy.io/cAWB0xD_MO
2025-07-08T11:57:27.076208,https://qrfy.io/cAWB0xD_MO
2025-07-08T11:57:27.092227500,https://qrfy.io/cAWB0xD_MO
2025-07-08T11:57:27.139815800,https://qrfy.io/cAWB0xD_MO
2025-07-08T11:57:30.159112100,https://qrfy.io/cAWB0xD_MO
2025-07-08T11:57:30.208674900,https://qrfy.io/cAWB0xD_MO
2025-07-08T11:57:30.225513800,https://qrfy.io/cAWB0xD_MO
2025-07-08T11:57:30.278810700,https://qrfy.io/cAWB0xD_MO
2025-07-08T11:57:30.296631100,https://qrfy.io/cAWB0xD_MO
2025-07-08T11:57:30.340358500,https://qrfy.io/cAWB0xD_MO
2025-07-08T11:57:30.356080500,https://qrfy.io/cAWB0xD_MO
2025-07-08T11:57:30.403797400,https://qrfy.io/cAWB0xD_MO
2025-07-08T11:57:30.420496300,https://qrfy.io/cAWB0xD_MO
2025-07-08T11:57:30.488447500,https://qrfy.io/cAWB0xD_MO
2025-07-08T11:57:30.505876,https://qrfy.io/cAWB0xD_MO
2025-07-08T11:57:30.548845,https://qrfy.io/cAWB0xD_MO
2025-07-08T11:57:30.566644600,https://qrfy.io/cAWB0xD_MO
2025-07-08T11:57:30.610978,https://qrfy.io/cAWB0xD_MO
2025-07-08T11:57:30.627796200,https://qrfy.io/cAWB0xD_MO
2025-07-08T11:57:30.678685,https://qrfy.io/cAWB0xD_MO
2025-07-08T11:57:32.352761700,https://qrfy.io/cAWB0xD_MO
2025-07-08T11:57:32.407039300,https://qrfy.io/cAWB0xD_MO
2025-07-08T11:57:35.552778500,https://qrfy.io/cAWB0xD_MO
2025-07-08T11:57:35.622572500,https://qrfy.io/cAWB0xD_MO
2025-07-08T11:57:35.638798500,https://qrfy.io/cAWB0xD_MO
2025-07-08T11:57:35.682389100,https://qrfy.io/cAWB0xD_MO
2025-07-08T11:57:35.700090300,https://qrfy.io/cAWB0xD_MO
2025-07-08T11:57:35.745750100,https://qrfy.io/cAWB0xD_MO
2025-07-08T11:57:35.823023300,https://qrfy.io/cAWB0xD_MO
2025-07-08T11:57:35.874903,https://qrfy.io/cAWB0xD_MO
2025-07-08T11:57:35.891246700,https://qrfy.io/cAWB0xD_MO
2025-07-08T11:57:35.941164300,https://qrfy.io/cAWB0xD_MO
2025-07-08T11:57:37.153525200,https://qrfy.io/cAWB0xD_MO
2025-07-08T11:57:37.224786700,https://qrfy.io/cAWB0xD_MO
2025-07-08T11:57:37.243062100,https://qrfy.io/cAWB0xD_MO
2025-07-08T11:57:37.281114500,https://qrfy.io/cAWB0xD_MO
2025-07-08T11:57:37.296810600,https://qrfy.io/cAWB0xD_MO
2025-07-08T11:57:37.348646900,https://qrfy.io/cAWB0xD_MO
2025-07-08T11:57:37.365616100,https://qrfy.io/cAWB0xD_MO
2025-07-08T11:57:37.411679900,https://qrfy.io/cAWB0xD_MO
2025-07-08T11:57:37.428619200,https://qrfy.io/cAWB0xD_MO
2025-07-08T11:57:37.475297200,https://qrfy.io/cAWB0xD_MO
2025-07-08T11:57:38.830982600,https://qrfy.io/cAWB0xD_MO
2025-07-08T11:57:38.880501300,https://qrfy.io/cAWB0xD_MO
2025-07-08T11:57:38.895721300,https://qrfy.io/cAWB0xD_MO
2025-07-08T11:57:38.943036600,https://qrfy.io/cAWB0xD_MO
2025-07-08T11:57:39.356910500,https://qrfy.io/cAWB0xD_MO
2025-07-08T11:57:39.411988,https://qrfy.io/cAWB0xD_MO
2025-07-08T11:57:39.755055900,https://qrfy.io/cAWB0xD_MO
2025-07-08T11:57:39.811061700,https://qrfy.io/cAWB0xD_MO
2025-07-08T11:57:39.826638900,https://qrfy.io/cAWB0xD_MO
2025-07-08T11:57:39.872530600,https://qrfy.io/cAWB0xD_MO
2025-07-08T11:57:39.947274,https://qrfy.io/cAWB0xD_MO
2025-07-08T11:57:40.023086700,https://qrfy.io/cAWB0xD_MO
2025-07-08T11:57:40.039791100,https://qrfy.io/cAWB0xD_MO
2025-07-08T11:57:40.080906100,https://qrfy.io/cAWB0xD_MO
2025-07-09T11:31:49.293450700,https://qrfy.io/cAWB0xD_MO
2025-07-09T11:31:49.318971200,https://qrfy.io/cAWB0xD_MO
2025-07-09T11:31:49.614986100,https://qrfy.io/cAWB0xD_MO
2025-07-09T11:31:49.669021,https://qrfy.io/cAWB0xD_MO
2025-07-09T11:31:49.693221400,https://qrfy.io/cAWB0xD_MO
2025-07-09T11:31:49.739608200,https://qrfy.io/cAWB0xD_MO
2025-07-09T11:31:49.763067300,https://qrfy.io/cAWB0xD_MO
2025-07-09T11:31:49.807947,https://qrfy.io/cAWB0xD_MO
2025-07-09T11:31:49.888960400,https://qrfy.io/cAWB0xD_MO
2025-07-09T11:31:49.943648200,https://qrfy.io/cAWB0xD_MO
2025-07-09T11:31:49.968692400,https://qrfy.io/cAWB0xD_MO
2025-07-09T11:31:50.007280100,https://qrfy.io/cAWB0xD_MO
2025-07-09T11:31:50.029027500,https://qrfy.io/cAWB0xD_MO
2025-07-09T11:31:50.070768100,https://qrfy.io/cAWB0xD_MO
2025-07-09T11:31:50.088946700,https://qrfy.io/cAWB0xD_MO
2025-07-09T11:31:50.127034100,https://qrfy.io/cAWB0xD_MO
2025-07-09T11:31:50.147500900,https://qrfy.io/cAWB0xD_MO
2025-07-09T11:31:50.222547800,https://qrfy.io/cAWB0xD_MO
2025-07-09T11:31:50.242884700,https://qrfy.io/cAWB0xD_MO
2025-07-09T11:31:50.271839100,https://qrfy.io/cAWB0xD_MO
2025-07-09T11:31:50.292036400,https://qrfy.io/cAWB0xD_MO
2025-07-09T11:31:50.338411400,https://qrfy.io/cAWB0xD_MO
2025-07-09T11:31:50.421499600,https://qrfy.io/cAWB0xD_MO
2025-07-09T11:31:50.469838800,https://qrfy.io/cAWB0xD_MO
2025-07-09T11:31:50.489823300,https://qrfy.io/cAWB0xD_MO
2025-07-09T11:31:50.531478100,https://qrfy.io/cAWB0xD_MO
2025-07-09T11:31:50.557259700,https://qrfy.io/cAWB0xD_MO
2025-07-09T11:31:50.614320500,https://qrfy.io/cAWB0xD_MO
2025-07-09T11:31:51.150442700,https://qrfy.io/cAWB0xD_MO
2025-07-09T11:31:51.209100,https://qrfy.io/cAWB0xD_MO
2025-07-09T11:31:51.228407,https://qrfy.io/cAWB0xD_MO
2025-07-09T11:31:51.264986500,https://qrfy.io/cAWB0xD_MO
2025-07-09T11:31:51.612723100,https://qrfy.io/cAWB0xD_MO
2025-07-09T11:31:51.670946200,https://qrfy.io/cAWB0xD_MO
2025-07-09T11:31:51.755584800,https://qrfy.io/cAWB0xD_MO
2025-07-09T11:31:51.812016200,https://qrfy.io/cAWB0xD_MO
2025-07-09T11:31:51.825536,https://qrfy.io/cAWB0xD_MO
2025-07-09T11:31:51.890103800,https://qrfy.io/cAWB0xD_MO
2025-07-09T11:31:51.909910,https://qrfy.io/cAWB0xD_MO
2025-07-09T11:31:51.936413900,https://qrfy.io/cAWB0xD_MO
2025-07-09T11:31:51.954115700,https://qrfy.io/cAWB0xD_MO
2025-07-09T11:31:52.003008100,https://qrfy.io/cAWB0xD_MO
2025-07-09T11:31:52.880728,https://qrfy.io/cAWB0xD_MO
2025-07-09T11:31:52.947223300,https://qrfy.io/cAWB0xD_MO
2025-07-09T11:31:53.021799600,https://qrfy.io/cAWB0xD_MO
2025-07-09T11:31:53.074204300,https://qrfy.io/cAWB0xD_MO
2025-07-09T11:31:53.091542900,https://qrfy.io/cAWB0xD_MO
2025-07-09T11:31:53.142597800,https://qrfy.io/cAWB0xD_MO
2025-07-09T11:31:53.165976,https://qrfy.io/cAWB0xD_MO
2025-07-09T11:31:53.205453300,https://qrfy.io/cAWB0xD_MO
2025-07-09T11:31:53.228443900,https://qrfy.io/cAWB0xD_MO
2025-07-09T11:31:53.266974900,https://qrfy.io/cAWB0xD_MO
2025-07-09T11:31:53.356252200,https://qrfy.io/cAWB0xD_MO
2025-07-09T11:31:53.413914500,https://qrfy.io/cAWB0xD_MO
2025-07-09T11:31:53.439801500,https://qrfy.io/cAWB0xD_MO
2025-07-09T11:31:53.476729400,https://qrfy.io/cAWB0xD_MO
2025-07-09T11:31:53.497722200,https://qrfy.io/cAWB0xD_MO
2025-07-09T11:31:53.588751700,https://qrfy.io/cAWB0xD_MO
2025-07-09T11:31:53.613087700,https://qrfy.io/cAWB0xD_MO
2025-07-09T11:31:53.635533700,https://qrfy.io/cAWB0xD_MO
2025-07-09T11:31:53.652444400,https://qrfy.io/cAWB0xD_MO
2025-07-09T11:31:53.673271700,https://qrfy.io/cAWB0xD_MO
2025-07-09T11:31:53.690704900,https://qrfy.io/cAWB0xD_MO
2025-07-09T11:31:53.744090400,https://qrfy.io/cAWB0xD_MO
2025-07-09T11:31:53.763567500,https://qrfy.io/cAWB0xD_MO
2025-07-09T11:31:53.807735500,https://qrfy.io/cAWB0xD_MO
2025-07-09T11:31:53.831242100,https://qrfy.io/cAWB0xD_MO
2025-07-09T11:31:53.877465400,https://qrfy.io/cAWB0xD_MO
2025-07-09T11:31:53.901206500,https://qrfy.io/cAWB0xD_MO
2025-07-09T11:31:53.937869800,https://qrfy.io/cAWB0xD_MO
2025-07-09T11:31:53.953904100,https://qrfy.io/cAWB0xD_MO
2025-07-09T11:31:54.000536800,https://qrfy.io/cAWB0xD_MO
2025-07-09T11:31:54.015314400,https://qrfy.io/cAWB0xD_MO
2025-07-09T11:31:54.065992600,https://qrfy.io/cAWB0xD_MO
2025-07-09T11:31:54.079075100,https://qrfy.io/cAWB0xD_MO
2025-07-09T11:31:54.146523300,https://qrfy.io/cAWB0xD_MO
2025-07-09T11:31:54.172952800,https://qrfy.io/cAWB0xD_MO
2025-07-09T11:31:54.209456800,https://qrfy.io/cAWB0xD_MO
2025-07-09T11:31:54.229880100,https://qrfy.io/cAWB0xD_MO
2025-07-09T11:31:54.272165700,https://qrfy.io/cAWB0xD_MO
2025-07-09T11:31:54.288955300,https://qrfy.io/cAWB0xD_MO
2025-07-09T11:31:54.344707600,https://qrfy.io/cAWB0xD_MO
2025-07-09T11:31:54.366475300,https://qrfy.io/cAWB0xD_MO
2025-07-09T11:31:54.404276600,https://qrfy.io/cAWB0xD_MO
2025-07-09T11:31:54.429484800,https://qrfy.io/cAWB0xD_MO
2025-07-09T11:31:54.469501600,https://qrfy.io/cAWB0xD_MO
2025-07-09T11:31:54.495097500,https://qrfy.io/cAWB0xD_MO
2025-07-09T11:31:54.549702700,https://qrfy.io/cAWB0xD_MO
2025-07-09T11:31:54.575789600,https://qrfy.io/cAWB0xD_MO
2025-07-09T11:31:54.612540800,https://qrfy.io/cAWB0xD_MO
2025-07-09T11:31:54.633289300,https://qrfy.io/cAWB0xD_MO
2025-07-09T11:31:54.671181300,https://qrfy.io/cAWB0xD_MO
2025-07-09T11:31:54.688199900,https://qrfy.io/cAWB0xD_MO
2025-07-09T11:31:54.739240400,https://qrfy.io/cAWB0xD_MO
2025-07-09T11:31:54.821648900,https://qrfy.io/cAWB0xD_MO
2025-07-09T11:31:54.864435800,https://qrfy.io/cAWB0xD_MO
2025-07-09T11:31:54.881507,https://qrfy.io/cAWB0xD_MO
2025-07-09T11:31:54.944427800,https://qrfy.io/cAWB0xD_MO
2025-07-09T11:31:55.025180,https://qrfy.io/cAWB0xD_MO
2025-07-09T11:31:55.074271500,https://qrfy.io/cAWB0xD_MO
2025-07-09T11:31:55.094163200,https://qrfy.io/cAWB0xD_MO
2025-07-09T11:31:55.134872100,https://qrfy.io/cAWB0xD_MO
2025-07-09T11:31:55.150224300,https://qrfy.io/cAWB0xD_MO
2025-07-09T11:31:55.196528500,https://qrfy.io/cAWB0xD_MO
2025-07-09T11:31:55.220508300,https://qrfy.io/cAWB0xD_MO
2025-07-09T11:31:55.267452300,https://qrfy.io/cAWB0xD_MO
2025-07-09T11:31:55.287541600,https://qrfy.io/cAWB0xD_MO
2025-07-09T11:31:55.342766400,https://qrfy.io/cAWB0xD_MO
2025-07-09T11:31:55.370302500,https://qrfy.io/cAWB0xD_MO
2025-07-09T11:31:55.405748400,https://qrfy.io/cAWB0xD_MO
2025-07-09T11:31:55.425203700,https://qrfy.io/cAWB0xD_MO
2025-07-09T11:31:55.471952300,https://qrfy.io/cAWB0xD_MO
2025-07-09T11:31:55.621636,https://qrfy.io/cAWB0xD_MO
2025-07-09T11:31:55.691740100,https://qrfy.io/cAWB0xD_MO
2025-07-09T11:31:55.892877800,https://qrfy.io/cAWB0xD_MO
2025-07-09T11:31:55.955347400,https://qrfy.io/cAWB0xD_MO
2025-07-09T11:31:56.082803,https://qrfy.io/cAWB0xD_MO
2025-07-09T11:31:56.140856,https://qrfy.io/cAWB0xD_MO
2025-07-09T11:31:56.284111900,https://qrfy.io/cAWB0xD_MO
2025-07-09T11:31:56.348185900,https://qrfy.io/cAWB0xD_MO
2025-07-09T11:31:56.373437500,https://qrfy.io/cAWB0xD_MO
2025-07-09T11:31:56.399201100,https://qrfy.io/cAWB0xD_MO
2025-07-09T11:31:56.422194,https://qrfy.io/cAWB0xD_MO
2025-07-09T11:31:56.468786400,https://qrfy.io/cAWB0xD_MO
2025-07-09T11:31:56.491076100,https://qrfy.io/cAWB0xD_MO
2025-07-09T11:31:56.551139500,https://qrfy.io/cAWB0xD_MO
2025-07-09T11:31:56.573018,https://qrfy.io/cAWB0xD_MO
2025-07-09T11:31:56.612465300,https://qrfy.io/cAWB0xD_MO
2025-07-09T11:31:56.635189400,https://qrfy.io/cAWB0xD_MO
2025-07-09T11:31:56.668780300,https://qrfy.io/cAWB0xD_MO
2025-07-09T11:31:56.762533500,https://qrfy.io/cAWB0xD_MO
2025-07-09T11:31:56.809068500,https://qrfy.io/cAWB0xD_MO
2025-07-09T11:31:56.829493900,https://qrfy.io/cAWB0xD_MO
2025-07-09T11:31:56.867904300,https://qrfy.io/cAWB0xD_MO
2025-07-09T11:31:56.969488800,https://qrfy.io/cAWB0xD_MO
2025-07-09T11:31:57.009178500,https://qrfy.io/cAWB0xD_MO
2025-07-09T11:31:57.082027300,https://qrfy.io/cAWB0xD_MO
2025-07-09T11:31:57.143873600,https://qrfy.io/cAWB0xD_MO
2025-07-09T11:31:57.165920600,https://qrfy.io/cAWB0xD_MO
2025-07-09T11:31:57.202722200,https://qrfy.io/cAWB0xD_MO
2025-07-09T11:31:57.220993700,https://qrfy.io/cAWB0xD_MO
2025-07-09T11:31:57.262371300,https://qrfy.io/cAWB0xD_MO
2025-07-09T11:31:57.283390700,https://qrfy.io/cAWB0xD_MO
2025-07-09T11:31:57.353904700,https://qrfy.io/cAWB0xD_MO
2025-07-09T11:31:57.377159900,https://qrfy.io/cAWB0xD_MO
2025-07-09T11:31:57.408910400,https://qrfy.io/cAWB0xD_MO
2025-07-09T11:31:57.425023200,https://qrfy.io/cAWB0xD_MO
2025-07-09T11:31:57.481106200,https://qrfy.io/cAWB0xD_MO
2025-07-09T11:31:57.502210300,https://qrfy.io/cAWB0xD_MO
2025-07-09T11:31:57.533619400,https://qrfy.io/cAWB0xD_MO
2025-07-09T11:31:57.554766400,https://qrfy.io/cAWB0xD_MO
2025-07-09T11:31:57.605971400,https://qrfy.io/cAWB0xD_MO
2025-07-09T11:31:57.630349200,https://qrfy.io/cAWB0xD_MO
2025-07-09T11:31:57.666675100,https://qrfy.io/cAWB0xD_MO
2025-07-09T11:31:57.687578200,https://qrfy.io/cAWB0xD_MO
2025-07-09T11:31:57.744920700,https://qrfy.io/cAWB0xD_MO
2025-07-09T11:31:57.765276300,https://qrfy.io/cAWB0xD_MO
2025-07-09T11:31:57.811887,https://qrfy.io/cAWB0xD_MO
2025-07-09T11:31:57.838447600,https://qrfy.io/cAWB0xD_MO
2025-07-09T11:31:57.872074200,https://qrfy.io/cAWB0xD_MO
2025-07-09T11:31:57.947213800,https://qrfy.io/cAWB0xD_MO
2025-07-09T11:31:58.009751900,https://qrfy.io/cAWB0xD_MO
2025-07-09T11:31:58.031582,https://qrfy.io/cAWB0xD_MO
2025-07-09T11:31:58.061682100,https://qrfy.io/cAWB0xD_MO
2025-07-09T11:31:58.357609800,https://qrfy.io/cAWB0xD_MO
2025-07-09T11:31:58.416996900,https://qrfy.io/cAWB0xD_MO
2025-07-09T11:31:58.438174600,https://qrfy.io/cAWB0xD_MO
2025-07-09T11:31:58.461709200,https://qrfy.io/cAWB0xD_MO
2025-07-09T11:31:58.564569300,https://qrfy.io/cAWB0xD_MO
2025-07-09T11:31:58.632619200,https://qrfy.io/cAWB0xD_MO
2025-07-09T11:31:58.670953100,https://qrfy.io/cAWB0xD_MO
2025-07-09T11:31:58.706809200,https://qrfy.io/cAWB0xD_MO
2025-07-09T11:31:59.407456,https://qrfy.io/cAWB0xD_MO
2025-07-09T11:31:59.493581,https://qrfy.io/cAWB0xD_MO
2025-07-09T11:31:59.932710900,https://qrfy.io/cAWB0xD_MO
2025-07-09T11:32:00.038599300,https://qrfy.io/cAWB0xD_MO
2025-07-09T11:32:00.257662400,https://qrfy.io/cAWB0xD_MO
2025-07-09T11:32:00.332351900,https://qrfy.io/cAWB0xD_MO
2025-07-09T11:32:00.380443900,https://qrfy.io/cAWB0xD_MO
2025-07-09T11:32:00.427914300,https://qrfy.io/cAWB0xD_MO
2025-07-09T11:32:00.479420900,https://qrfy.io/cAWB0xD_MO
2025-07-09T11:32:00.515921300,https://qrfy.io/cAWB0xD_MO
2025-07-09T11:32:00.553748300,https://qrfy.io/cAWB0xD_MO
2025-07-09T11:32:00.592437,https://qrfy.io/cAWB0xD_MO
2025-07-09T11:32:00.622456800,https://qrfy.io/cAWB0xD_MO
2025-07-09T11:32:00.747886,https://qrfy.io/cAWB0xD_MO
2025-07-09T11:32:00.785103200,https://qrfy.io/cAWB0xD_MO
2025-07-09T11:32:00.831406500,https://qrfy.io/cAWB0xD_MO
2025-07-09T11:32:00.870041200,https://qrfy.io/cAWB0xD_MO
2025-07-09T11:33:43.354638300,https://docs.google.com/forms/d/e/1FAIpQLSeUvy9C6JaE1fukAvUtuekht2qzHOj3X3RtaMdzWAkxqauj4A/viewform?usp=header
2025-07-09T11:33:43.410752300,https://docs.google.com/forms/d/e/1FAIpQLSeUvy9C6JaE1fukAvUtuekht2qzHOj3X3RtaMdzWAkxqauj4A/viewform?usp=header
2025-07-09T11:33:43.432917,https://docs.google.com/forms/d/e/1FAIpQLSeUvy9C6JaE1fukAvUtuekht2qzHOj3X3RtaMdzWAkxqauj4A/viewform?usp=header
2025-07-09T11:33:43.464806500,https://docs.google.com/forms/d/e/1FAIpQLSeUvy9C6JaE1fukAvUtuekht2qzHOj3X3RtaMdzWAkxqauj4A/viewform?usp=header
2025-07-09T11:33:43.492406800,https://docs.google.com/forms/d/e/1FAIpQLSeUvy9C6JaE1fukAvUtuekht2qzHOj3X3RtaMdzWAkxqauj4A/viewform?usp=header
2025-07-09T11:33:43.515491500,https://docs.google.com/forms/d/e/1FAIpQLSeUvy9C6JaE1fukAvUtuekht2qzHOj3X3RtaMdzWAkxqauj4A/viewform?usp=header
2025-07-09T11:33:43.749868800,https://docs.google.com/forms/d/e/1FAIpQLSeUvy9C6JaE1fukAvUtuekht2qzHOj3X3RtaMdzWAkxqauj4A/viewform?usp=header
2025-07-09T11:33:45.754729500,https://docs.google.com/forms/d/e/1FAIpQLSeUvy9C6JaE1fukAvUtuekht2qzHOj3X3RtaMdzWAkxqauj4A/viewform?usp=header
2025-07-09T11:33:46.143141600,https://docs.google.com/forms/d/e/1FAIpQLSeUvy9C6JaE1fukAvUtuekht2qzHOj3X3RtaMdzWAkxqauj4A/viewform?usp=header
2025-07-09T11:33:46.825363100,https://docs.google.com/forms/d/e/1FAIpQLSeUvy9C6JaE1fukAvUtuekht2qzHOj3X3RtaMdzWAkxqauj4A/viewform?usp=header
2025-07-09T11:33:46.886339800,https://docs.google.com/forms/d/e/1FAIpQLSeUvy9C6JaE1fukAvUtuekht2qzHOj3X3RtaMdzWAkxqauj4A/viewform?usp=header
2025-07-09T11:33:47.565634800,https://docs.google.com/forms/d/e/1FAIpQLSeUvy9C6JaE1fukAvUtuekht2qzHOj3X3RtaMdzWAkxqauj4A/viewform?usp=header
2025-07-09T11:33:47.635712,https://docs.google.com/forms/d/e/1FAIpQLSeUvy9C6JaE1fukAvUtuekht2qzHOj3X3RtaMdzWAkxqauj4A/viewform?usp=header
2025-07-09T11:33:48.548083,https://docs.google.com/forms/d/e/1FAIpQLSeUvy9C6JaE1fukAvUtuekht2qzHOj3X3RtaMdzWAkxqauj4A/viewform?usp=header
2025-07-09T11:33:48.701234,https://docs.google.com/forms/d/e/1FAIpQLSeUvy9C6JaE1fukAvUtuekht2qzHOj3X3RtaMdzWAkxqauj4A/viewform?usp=header
2025-07-09T11:33:48.752163,https://docs.google.com/forms/d/e/1FAIpQLSeUvy9C6JaE1fukAvUtuekht2qzHOj3X3RtaMdzWAkxqauj4A/viewform?usp=header
2025-07-09T11:33:49.450621500,https://docs.google.com/forms/d/e/1FAIpQLSeUvy9C6JaE1fukAvUtuekht2qzHOj3X3RtaMdzWAkxqauj4A/viewform?usp=header
2025-07-09T11:33:49.495807,https://docs.google.com/forms/d/e/1FAIpQLSeUvy9C6JaE1fukAvUtuekht2qzHOj3X3RtaMdzWAkxqauj4A/viewform?usp=header
2025-07-09T11:33:49.517310400,https://docs.google.com/forms/d/e/1FAIpQLSeUvy9C6JaE1fukAvUtuekht2qzHOj3X3RtaMdzWAkxqauj4A/viewform?usp=header
2025-07-09T11:33:49.537648600,https://docs.google.com/forms/d/e/1FAIpQLSeUvy9C6JaE1fukAvUtuekht2qzHOj3X3RtaMdzWAkxqauj4A/viewform?usp=header
2025-07-09T11:33:49.577830200,https://docs.google.com/forms/d/e/1FAIpQLSeUvy9C6JaE1fukAvUtuekht2qzHOj3X3RtaMdzWAkxqauj4A/viewform?usp=header
2025-07-09T11:33:49.838638500,https://docs.google.com/forms/d/e/1FAIpQLSeUvy9C6JaE1fukAvUtuekht2qzHOj3X3RtaMdzWAkxqauj4A/viewform?usp=header
2025-07-09T11:33:49.905386800,https://docs.google.com/forms/d/e/1FAIpQLSeUvy9C6JaE1fukAvUtuekht2qzHOj3X3RtaMdzWAkxqauj4A/viewform?usp=header
2025-07-09T11:33:50.157682,https://docs.google.com/forms/d/e/1FAIpQLSeUvy9C6JaE1fukAvUtuekht2qzHOj3X3RtaMdzWAkxqauj4A/viewform?usp=header
2025-07-09T11:33:50.230036700,https://docs.google.com/forms/d/e/1FAIpQLSeUvy9C6JaE1fukAvUtuekht2qzHOj3X3RtaMdzWAkxqauj4A/viewform?usp=header
2025-07-09T11:33:50.834055100,https://docs.google.com/forms/d/e/1FAIpQLSeUvy9C6JaE1fukAvUtuekht2qzHOj3X3RtaMdzWAkxqauj4A/viewform?usp=header
2025-07-09T11:33:50.898057600,https://docs.google.com/forms/d/e/1FAIpQLSeUvy9C6JaE1fukAvUtuekht2qzHOj3X3RtaMdzWAkxqauj4A/viewform?usp=header
2025-07-09T11:33:51.039072500,https://docs.google.com/forms/d/e/1FAIpQLSeUvy9C6JaE1fukAvUtuekht2qzHOj3X3RtaMdzWAkxqauj4A/viewform?usp=header
2025-07-09T11:33:51.769419600,https://docs.google.com/forms/d/e/1FAIpQLSeUvy9C6JaE1fukAvUtuekht2qzHOj3X3RtaMdzWAkxqauj4A/viewform?usp=header
2025-07-09T11:33:51.840688400,https://docs.google.com/forms/d/e/1FAIpQLSeUvy9C6JaE1fukAvUtuekht2qzHOj3X3RtaMdzWAkxqauj4A/viewform?usp=header
2025-07-09T11:33:51.858699300,https://docs.google.com/forms/d/e/1FAIpQLSeUvy9C6JaE1fukAvUtuekht2qzHOj3X3RtaMdzWAkxqauj4A/viewform?usp=header
2025-07-09T11:33:51.876546400,https://docs.google.com/forms/d/e/1FAIpQLSeUvy9C6JaE1fukAvUtuekht2qzHOj3X3RtaMdzWAkxqauj4A/viewform?usp=header
2025-07-09T11:33:51.895540900,https://docs.google.com/forms/d/e/1FAIpQLSeUvy9C6JaE1fukAvUtuekht2qzHOj3X3RtaMdzWAkxqauj4A/viewform?usp=header
2025-07-09T11:33:51.959730500,https://docs.google.com/forms/d/e/1FAIpQLSeUvy9C6JaE1fukAvUtuekht2qzHOj3X3RtaMdzWAkxqauj4A/viewform?usp=header
2025-07-09T11:33:52.026743400,https://docs.google.com/forms/d/e/1FAIpQLSeUvy9C6JaE1fukAvUtuekht2qzHOj3X3RtaMdzWAkxqauj4A/viewform?usp=header
2025-07-09T11:33:52.045669400,https://docs.google.com/forms/d/e/1FAIpQLSeUvy9C6JaE1fukAvUtuekht2qzHOj3X3RtaMdzWAkxqauj4A/viewform?usp=header
2025-07-09T11:33:52.076968400,https://docs.google.com/forms/d/e/1FAIpQLSeUvy9C6JaE1fukAvUtuekht2qzHOj3X3RtaMdzWAkxqauj4A/viewform?usp=header
2025-07-09T11:33:52.143864100,https://docs.google.com/forms/d/e/1FAIpQLSeUvy9C6JaE1fukAvUtuekht2qzHOj3X3RtaMdzWAkxqauj4A/viewform?usp=header
2025-07-09T11:33:52.374690,https://docs.google.com/forms/d/e/1FAIpQLSeUvy9C6JaE1fukAvUtuekht2qzHOj3X3RtaMdzWAkxqauj4A/viewform?usp=header
2025-07-09T11:33:52.416699300,https://docs.google.com/forms/d/e/1FAIpQLSeUvy9C6JaE1fukAvUtuekht2qzHOj3X3RtaMdzWAkxqauj4A/viewform?usp=header
2025-07-09T11:33:52.431938,https://docs.google.com/forms/d/e/1FAIpQLSeUvy9C6JaE1fukAvUtuekht2qzHOj3X3RtaMdzWAkxqauj4A/viewform?usp=header
2025-07-09T11:33:52.493209,https://docs.google.com/forms/d/e/1FAIpQLSeUvy9C6JaE1fukAvUtuekht2qzHOj3X3RtaMdzWAkxqauj4A/viewform?usp=header
2025-07-09T11:33:52.554480800,https://docs.google.com/forms/d/e/1FAIpQLSeUvy9C6JaE1fukAvUtuekht2qzHOj3X3RtaMdzWAkxqauj4A/viewform?usp=header
2025-07-09T11:33:52.575630,https://docs.google.com/forms/d/e/1FAIpQLSeUvy9C6JaE1fukAvUtuekht2qzHOj3X3RtaMdzWAkxqauj4A/viewform?usp=header
2025-07-09T11:33:52.595574800,https://docs.google.com/forms/d/e/1FAIpQLSeUvy9C6JaE1fukAvUtuekht2qzHOj3X3RtaMdzWAkxqauj4A/viewform?usp=header
2025-07-09T11:33:52.626152600,https://docs.google.com/forms/d/e/1FAIpQLSeUvy9C6JaE1fukAvUtuekht2qzHOj3X3RtaMdzWAkxqauj4A/viewform?usp=header
2025-07-09T11:33:53.368234200,https://docs.google.com/forms/d/e/1FAIpQLSeUvy9C6JaE1fukAvUtuekht2qzHOj3X3RtaMdzWAkxqauj4A/viewform?usp=header
2025-07-09T11:33:53.442850800,https://docs.google.com/forms/d/e/1FAIpQLSeUvy9C6JaE1fukAvUtuekht2qzHOj3X3RtaMdzWAkxqauj4A/viewform?usp=header
2025-07-09T11:33:53.459138300,https://docs.google.com/forms/d/e/1FAIpQLSeUvy9C6JaE1fukAvUtuekht2qzHOj3X3RtaMdzWAkxqauj4A/viewform?usp=header
2025-07-09T11:33:53.754586,https://docs.google.com/forms/d/e/1FAIpQLSeUvy9C6JaE1fukAvUtuekht2qzHOj3X3RtaMdzWAkxqauj4A/viewform?usp=header
2025-07-09T11:33:53.833145300,https://docs.google.com/forms/d/e/1FAIpQLSeUvy9C6JaE1fukAvUtuekht2qzHOj3X3RtaMdzWAkxqauj4A/viewform?usp=header
2025-07-09T11:33:53.901355,https://docs.google.com/forms/d/e/1FAIpQLSeUvy9C6JaE1fukAvUtuekht2qzHOj3X3RtaMdzWAkxqauj4A/viewform?usp=header
2025-07-09T11:33:54.040063800,https://docs.google.com/forms/d/e/1FAIpQLSeUvy9C6JaE1fukAvUtuekht2qzHOj3X3RtaMdzWAkxqauj4A/viewform?usp=header
2025-07-09T11:33:54.096797600,https://docs.google.com/forms/d/e/1FAIpQLSeUvy9C6JaE1fukAvUtuekht2qzHOj3X3RtaMdzWAkxqauj4A/viewform?usp=header
2025-07-09T11:34:20.309178400,https://qr.me-qr.com/zIHJOdl5
2025-07-09T11:34:20.363052200,https://qr.me-qr.com/zIHJOdl5
2025-07-09T11:34:20.384543700,https://qr.me-qr.com/zIHJOdl5
2025-07-09T11:34:20.414329200,https://qr.me-qr.com/zIHJOdl5
2025-07-09T11:34:20.431333400,https://qr.me-qr.com/zIHJOdl5
2025-07-09T11:34:20.481114600,https://qr.me-qr.com/zIHJOdl5
2025-07-09T11:34:20.499708300,https://qr.me-qr.com/zIHJOdl5
2025-07-09T11:34:20.570591800,https://qr.me-qr.com/zIHJOdl5
2025-07-09T11:34:20.588607,https://qr.me-qr.com/zIHJOdl5
2025-07-09T11:34:20.620556700,https://qr.me-qr.com/zIHJOdl5
2025-07-09T11:34:20.703572500,https://qr.me-qr.com/zIHJOdl5
2025-07-09T11:34:20.752687900,https://qr.me-qr.com/zIHJOdl5
2025-07-09T11:34:20.838485900,https://qr.me-qr.com/zIHJOdl5
2025-07-09T11:34:20.879868500,https://qr.me-qr.com/zIHJOdl5
2025-07-09T11:34:20.894879200,https://qr.me-qr.com/zIHJOdl5
2025-07-09T11:34:20.969156,https://qr.me-qr.com/zIHJOdl5
2025-07-09T11:34:20.986291400,https://qr.me-qr.com/zIHJOdl5
2025-07-09T11:34:21.034246100,https://qr.me-qr.com/zIHJOdl5
2025-07-09T11:34:21.048413300,https://qr.me-qr.com/zIHJOdl5
2025-07-09T11:34:21.089080500,https://qr.me-qr.com/zIHJOdl5
2025-07-09T11:34:21.108485100,https://qr.me-qr.com/zIHJOdl5
2025-07-09T11:34:21.156703300,https://qr.me-qr.com/zIHJOdl5
2025-07-09T11:34:21.295731900,https://qr.me-qr.com/zIHJOdl5
2025-07-09T11:34:21.376089800,https://qr.me-qr.com/zIHJOdl5
2025-07-09T11:34:21.401041800,https://qr.me-qr.com/zIHJOdl5
2025-07-09T11:34:21.423722100,https://qr.me-qr.com/zIHJOdl5
2025-07-09T11:34:21.508601600,https://qr.me-qr.com/zIHJOdl5
2025-07-09T11:34:21.558444700,https://qr.me-qr.com/zIHJOdl5
2025-07-09T11:34:21.576295200,https://qr.me-qr.com/zIHJOdl5
2025-07-09T11:34:21.614943100,https://qr.me-qr.com/zIHJOdl5
2025-07-09T11:34:21.697479100,https://qr.me-qr.com/zIHJOdl5
2025-07-09T11:34:21.768339300,https://qr.me-qr.com/zIHJOdl5
2025-07-09T11:34:21.786144,https://qr.me-qr.com/zIHJOdl5
2025-07-09T11:34:21.823072100,https://qr.me-qr.com/zIHJOdl5
2025-07-09T11:34:22.098117700,https://qr.me-qr.com/zIHJOdl5
2025-07-09T11:34:22.175002400,https://qr.me-qr.com/zIHJOdl5
2025-07-09T11:34:22.301675100,https://qr.me-qr.com/zIHJOdl5
2025-07-09T11:34:22.366761300,https://qr.me-qr.com/zIHJOdl5
2025-07-09T11:34:23.038232700,https://qr.me-qr.com/zIHJOdl5
2025-07-09T11:34:23.102403300,https://qr.me-qr.com/zIHJOdl5
2025-07-09T11:34:23.163647800,https://qr.me-qr.com/zIHJOdl5
2025-07-09T11:34:23.218108300,https://qr.me-qr.com/zIHJOdl5
2025-07-09T11:34:23.291457900,https://qr.me-qr.com/zIHJOdl5
2025-07-09T11:34:23.367371100,https://qr.me-qr.com/zIHJOdl5
2025-07-09T11:34:23.387976,https://qr.me-qr.com/zIHJOdl5
2025-07-09T11:34:23.429449300,https://qr.me-qr.com/zIHJOdl5
2025-07-09T11:34:23.446698800,https://qr.me-qr.com/zIHJOdl5
2025-07-09T11:34:23.488301100,https://qr.me-qr.com/zIHJOdl5
2025-07-09T11:34:23.505935800,https://qr.me-qr.com/zIHJOdl5
2025-07-09T11:34:23.552214700,https://qr.me-qr.com/zIHJOdl5
2025-07-09T11:34:23.569218700,https://qr.me-qr.com/zIHJOdl5
2025-07-09T11:34:23.617191300,https://qr.me-qr.com/zIHJOdl5
2025-07-09T11:34:23.632092200,https://qr.me-qr.com/zIHJOdl5
2025-07-09T11:34:23.683823500,https://qr.me-qr.com/zIHJOdl5
2025-07-09T11:34:23.707344,https://qr.me-qr.com/zIHJOdl5
2025-07-09T11:34:23.757033200,https://qr.me-qr.com/zIHJOdl5
2025-07-09T11:34:23.775873800,https://qr.me-qr.com/zIHJOdl5
2025-07-09T11:34:23.823023500,https://qr.me-qr.com/zIHJOdl5
2025-07-09T11:34:23.840459500,https://qr.me-qr.com/zIHJOdl5
2025-07-09T11:34:23.886332100,https://qr.me-qr.com/zIHJOdl5
2025-07-09T11:34:23.902806700,https://qr.me-qr.com/zIHJOdl5
2025-07-09T11:34:23.954781400,https://qr.me-qr.com/zIHJOdl5
2025-07-09T11:34:23.976183400,https://qr.me-qr.com/zIHJOdl5
2025-07-09T11:34:24.022142800,https://qr.me-qr.com/zIHJOdl5
2025-07-09T11:34:24.046312200,https://qr.me-qr.com/zIHJOdl5
2025-07-09T11:34:24.077414,https://qr.me-qr.com/zIHJOdl5
2025-07-09T11:34:24.099602800,https://qr.me-qr.com/zIHJOdl5
2025-07-09T11:34:24.159050100,https://qr.me-qr.com/zIHJOdl5
2025-07-09T11:34:24.175057800,https://qr.me-qr.com/zIHJOdl5
2025-07-09T11:34:24.224396900,https://qr.me-qr.com/zIHJOdl5
2025-07-09T11:34:24.368129200,https://qr.me-qr.com/zIHJOdl5
2025-07-09T11:34:24.439112700,https://qr.me-qr.com/zIHJOdl5
2025-07-09T11:34:24.456453700,https://qr.me-qr.com/zIHJOdl5
2025-07-09T11:34:24.478343400,https://qr.me-qr.com/zIHJOdl5
2025-07-09T11:34:37.453506100,https://forms.gle/WqkRiRbHh3zJAMFr5
2025-07-09T11:34:37.520764500,https://forms.gle/WqkRiRbHh3zJAMFr5
2025-07-09T11:34:37.539160,https://forms.gle/WqkRiRbHh3zJAMFr5
2025-07-09T11:34:37.557905,https://forms.gle/WqkRiRbHh3zJAMFr5
2025-07-09T11:34:37.636582300,https://forms.gle/WqkRiRbHh3zJAMFr5
2025-07-09T11:34:37.705300600,https://forms.gle/WqkRiRbHh3zJAMFr5
2025-07-09T11:34:37.729727300,https://forms.gle/WqkRiRbHh3zJAMFr5
2025-07-09T11:34:37.760406100,https://forms.gle/WqkRiRbHh3zJAMFr5
2025-07-09T11:34:37.775131900,https://forms.gle/WqkRiRbHh3zJAMFr5
2025-07-09T11:34:37.830807600,https://forms.gle/WqkRiRbHh3zJAMFr5
2025-07-09T11:34:37.849633,https://forms.gle/WqkRiRbHh3zJAMFr5
2025-07-09T11:34:37.891458900,https://forms.gle/WqkRiRbHh3zJAMFr5
2025-07-09T11:34:37.908630,https://forms.gle/WqkRiRbHh3zJAMFr5
2025-07-09T11:34:37.956097900,https://forms.gle/WqkRiRbHh3zJAMFr5
2025-07-09T11:34:37.975585100,https://forms.gle/WqkRiRbHh3zJAMFr5
2025-07-09T11:34:38.019735600,https://forms.gle/WqkRiRbHh3zJAMFr5
2025-07-09T11:34:38.041873500,https://forms.gle/WqkRiRbHh3zJAMFr5
2025-07-09T11:34:38.115074500,https://forms.gle/WqkRiRbHh3zJAMFr5
2025-07-09T11:34:38.153337700,https://forms.gle/WqkRiRbHh3zJAMFr5
2025-07-09T11:34:38.170953400,https://forms.gle/WqkRiRbHh3zJAMFr5
2025-07-09T11:34:38.185319,https://forms.gle/WqkRiRbHh3zJAMFr5
2025-07-09T11:34:38.224918500,https://forms.gle/WqkRiRbHh3zJAMFr5
2025-07-09T11:34:38.244988400,https://forms.gle/WqkRiRbHh3zJAMFr5
2025-07-09T11:34:38.298755100,https://forms.gle/WqkRiRbHh3zJAMFr5
2025-07-09T11:34:38.378462300,https://forms.gle/WqkRiRbHh3zJAMFr5
2025-07-09T11:34:38.424066600,https://forms.gle/WqkRiRbHh3zJAMFr5
2025-07-09T11:34:38.446251100,https://forms.gle/WqkRiRbHh3zJAMFr5
2025-07-09T11:34:38.495884700,https://forms.gle/WqkRiRbHh3zJAMFr5
2025-07-09T11:34:38.514169500,https://forms.gle/WqkRiRbHh3zJAMFr5
2025-07-09T11:34:38.556055200,https://forms.gle/WqkRiRbHh3zJAMFr5
2025-07-09T11:34:38.650637300,https://forms.gle/WqkRiRbHh3zJAMFr5
2025-07-09T11:34:38.695523200,https://forms.gle/WqkRiRbHh3zJAMFr5
2025-07-09T11:34:38.726031800,https://forms.gle/WqkRiRbHh3zJAMFr5
2025-07-09T11:34:38.754406100,https://forms.gle/WqkRiRbHh3zJAMFr5
2025-07-09T11:34:38.770429900,https://forms.gle/WqkRiRbHh3zJAMFr5
2025-07-09T11:34:38.818442600,https://forms.gle/WqkRiRbHh3zJAMFr5
2025-07-09T11:34:38.837140400,https://forms.gle/WqkRiRbHh3zJAMFr5
2025-07-09T11:34:38.894261400,https://forms.gle/WqkRiRbHh3zJAMFr5
2025-07-09T11:34:39.040795600,https://forms.gle/WqkRiRbHh3zJAMFr5
2025-07-09T11:34:39.108891,https://forms.gle/WqkRiRbHh3zJAMFr5
2025-07-09T11:34:39.139180300,https://forms.gle/WqkRiRbHh3zJAMFr5
2025-07-09T11:34:39.164417600,https://forms.gle/WqkRiRbHh3zJAMFr5
2025-07-09T11:34:39.231729900,https://forms.gle/WqkRiRbHh3zJAMFr5
2025-07-09T11:34:39.306550700,https://forms.gle/WqkRiRbHh3zJAMFr5
2025-07-09T11:34:39.330524200,https://forms.gle/WqkRiRbHh3zJAMFr5
2025-07-09T11:34:39.364087500,https://forms.gle/WqkRiRbHh3zJAMFr5
2025-07-09T11:34:39.388954,https://forms.gle/WqkRiRbHh3zJAMFr5
2025-07-09T11:34:39.427387500,https://forms.gle/WqkRiRbHh3zJAMFr5
2025-07-09T11:34:39.456294,https://forms.gle/WqkRiRbHh3zJAMFr5
2025-07-09T11:34:39.495995800,https://forms.gle/WqkRiRbHh3zJAMFr5
2025-07-09T11:34:39.519250300,https://forms.gle/WqkRiRbHh3zJAMFr5
2025-07-09T11:34:39.555691,https://forms.gle/WqkRiRbHh3zJAMFr5
2025-07-09T11:34:39.576269300,https://forms.gle/WqkRiRbHh3zJAMFr5
2025-07-09T11:34:39.618175,https://forms.gle/WqkRiRbHh3zJAMFr5
2025-07-09T11:34:39.790255200,https://forms.gle/WqkRiRbHh3zJAMFr5
2025-07-09T11:34:39.864417800,https://forms.gle/WqkRiRbHh3zJAMFr5
2025-07-09T11:34:39.890334700,https://forms.gle/WqkRiRbHh3zJAMFr5
2025-07-09T11:34:39.917499,https://forms.gle/WqkRiRbHh3zJAMFr5
2025-07-09T11:34:40.188058700,https://forms.gle/WqkRiRbHh3zJAMFr5
2025-07-09T11:34:40.252661800,https://forms.gle/WqkRiRbHh3zJAMFr5
2025-07-09T11:34:40.274882800,https://forms.gle/WqkRiRbHh3zJAMFr5
2025-07-09T11:34:40.298740,https://forms.gle/WqkRiRbHh3zJAMFr5
2025-07-09T11:34:40.832927100,https://forms.gle/WqkRiRbHh3zJAMFr5
2025-07-09T11:34:40.907182,https://forms.gle/WqkRiRbHh3zJAMFr5
2025-07-09T11:34:41.047961100,https://forms.gle/WqkRiRbHh3zJAMFr5
2025-07-09T11:34:41.132297700,https://forms.gle/WqkRiRbHh3zJAMFr5
2025-07-09T11:34:41.235323300,https://forms.gle/WqkRiRbHh3zJAMFr5
2025-07-09T11:34:41.303643900,https://forms.gle/WqkRiRbHh3zJAMFr5
2025-07-09T11:34:41.335882300,https://forms.gle/WqkRiRbHh3zJAMFr5
2025-07-09T11:34:41.365223200,https://forms.gle/WqkRiRbHh3zJAMFr5
2025-07-09T11:34:41.396750900,https://forms.gle/WqkRiRbHh3zJAMFr5
2025-07-09T11:34:41.428070100,https://forms.gle/WqkRiRbHh3zJAMFr5
2025-07-09T11:34:41.455916100,https://forms.gle/WqkRiRbHh3zJAMFr5
2025-07-09T11:34:41.497929600,https://forms.gle/WqkRiRbHh3zJAMFr5
2025-07-09T11:34:41.523388800,https://forms.gle/WqkRiRbHh3zJAMFr5
2025-07-09T11:34:41.557919600,https://forms.gle/WqkRiRbHh3zJAMFr5
2025-07-09T11:34:41.584217600,https://forms.gle/WqkRiRbHh3zJAMFr5
2025-07-09T11:34:41.621116500,https://forms.gle/WqkRiRbHh3zJAMFr5
2025-07-09T11:34:41.642143900,https://forms.gle/WqkRiRbHh3zJAMFr5
2025-07-09T11:34:41.706072600,https://forms.gle/WqkRiRbHh3zJAMFr5
2025-07-09T11:34:41.732081600,https://forms.gle/WqkRiRbHh3zJAMFr5
2025-07-09T11:34:41.764001700,https://forms.gle/WqkRiRbHh3zJAMFr5
2025-07-09T11:34:41.791483400,https://forms.gle/WqkRiRbHh3zJAMFr5
2025-07-09T11:34:41.831400100,https://forms.gle/WqkRiRbHh3zJAMFr5
2025-07-09T11:34:41.853786800,https://forms.gle/WqkRiRbHh3zJAMFr5
2025-07-09T11:34:41.888963800,https://forms.gle/WqkRiRbHh3zJAMFr5
2025-07-09T11:34:41.911681200,https://forms.gle/WqkRiRbHh3zJAMFr5
2025-07-09T11:34:41.961300400,https://forms.gle/WqkRiRbHh3zJAMFr5
2025-07-09T11:34:42.041758500,https://forms.gle/WqkRiRbHh3zJAMFr5
2025-07-09T11:34:42.103320400,https://forms.gle/WqkRiRbHh3zJAMFr5
2025-07-09T11:34:42.133546,https://forms.gle/WqkRiRbHh3zJAMFr5
2025-07-09T11:34:42.167498400,https://forms.gle/WqkRiRbHh3zJAMFr5
2025-07-09T11:34:42.184973100,https://forms.gle/WqkRiRbHh3zJAMFr5
2025-07-09T11:34:42.225966700,https://forms.gle/WqkRiRbHh3zJAMFr5
2025-07-09T11:34:42.247935800,https://forms.gle/WqkRiRbHh3zJAMFr5
2025-07-09T11:34:42.293431900,https://forms.gle/WqkRiRbHh3zJAMFr5
2025-07-09T11:34:42.323610800,https://forms.gle/WqkRiRbHh3zJAMFr5
2025-07-09T11:34:42.355571600,https://forms.gle/WqkRiRbHh3zJAMFr5
2025-07-09T11:34:42.440183,https://forms.gle/WqkRiRbHh3zJAMFr5
2025-07-09T11:34:42.503824800,https://forms.gle/WqkRiRbHh3zJAMFr5
2025-07-09T11:34:42.530637100,https://forms.gle/WqkRiRbHh3zJAMFr5
2025-07-09T11:34:42.563235900,https://forms.gle/WqkRiRbHh3zJAMFr5
2025-07-09T11:34:42.580563800,https://forms.gle/WqkRiRbHh3zJAMFr5
2025-07-09T11:34:42.630210,https://forms.gle/WqkRiRbHh3zJAMFr5
2025-07-09T11:34:42.713992900,https://forms.gle/WqkRiRbHh3zJAMFr5
2025-07-09T11:34:42.757243,https://forms.gle/WqkRiRbHh3zJAMFr5
2025-07-09T11:34:42.781638300,https://forms.gle/WqkRiRbHh3zJAMFr5
2025-07-09T11:34:42.823947600,https://forms.gle/WqkRiRbHh3zJAMFr5
2025-07-09T11:34:42.850072100,https://forms.gle/WqkRiRbHh3zJAMFr5
2025-07-09T11:34:42.905958200,https://forms.gle/WqkRiRbHh3zJAMFr5
2025-07-09T11:34:42.930679700,https://forms.gle/WqkRiRbHh3zJAMFr5
2025-07-09T11:34:42.964326300,https://forms.gle/WqkRiRbHh3zJAMFr5
2025-07-09T11:35:30.108199400,https://qrfy.io/0BwMqLVXlW
2025-07-09T11:35:30.161056500,https://qrfy.io/0BwMqLVXlW
2025-07-09T11:35:30.178625800,https://qrfy.io/0BwMqLVXlW
2025-07-09T11:35:30.225548200,https://qrfy.io/0BwMqLVXlW
2025-07-09T11:35:30.245981400,https://qrfy.io/0BwMqLVXlW
2025-07-09T11:35:30.290994,https://qrfy.io/0BwMqLVXlW
2025-07-09T11:35:30.310386900,https://qrfy.io/0BwMqLVXlW
2025-07-09T11:35:30.374681600,https://qrfy.io/0BwMqLVXlW
2025-07-09T11:35:30.387755800,https://qrfy.io/0BwMqLVXlW
2025-07-09T11:35:30.431729900,https://qrfy.io/0BwMqLVXlW
2025-07-09T11:35:30.639366200,https://qrfy.io/0BwMqLVXlW
2025-07-09T11:35:30.705706700,https://qrfy.io/0BwMqLVXlW
2025-07-09T11:35:30.786486600,https://qrfy.io/0BwMqLVXlW
2025-07-09T11:35:30.829963300,https://qrfy.io/0BwMqLVXlW
2025-07-09T11:35:30.846912400,https://qrfy.io/0BwMqLVXlW
2025-07-09T11:35:30.895419200,https://qrfy.io/0BwMqLVXlW
2025-07-09T11:35:30.912210300,https://qrfy.io/0BwMqLVXlW
2025-07-09T11:35:30.963134,https://qrfy.io/0BwMqLVXlW
2025-07-09T11:35:30.980165900,https://qrfy.io/0BwMqLVXlW
2025-07-09T11:35:31.023041,https://qrfy.io/0BwMqLVXlW
2025-07-09T11:35:31.036662,https://qrfy.io/0BwMqLVXlW
2025-07-09T11:35:31.090023300,https://qrfy.io/0BwMqLVXlW
2025-07-09T11:35:31.114346900,https://qrfy.io/0BwMqLVXlW
2025-07-09T11:35:31.165761,https://qrfy.io/0BwMqLVXlW
2025-07-09T11:35:31.186393900,https://qrfy.io/0BwMqLVXlW
2025-07-09T11:35:31.232834200,https://qrfy.io/0BwMqLVXlW
2025-07-09T11:35:31.311974800,https://qrfy.io/0BwMqLVXlW
2025-07-09T11:35:31.357964700,https://qrfy.io/0BwMqLVXlW
2025-07-09T11:35:31.377358900,https://qrfy.io/0BwMqLVXlW
2025-07-09T11:35:31.424148600,https://qrfy.io/0BwMqLVXlW
2025-07-09T11:35:31.574572400,https://qrfy.io/0BwMqLVXlW
2025-07-09T11:35:31.715172700,https://qrfy.io/0BwMqLVXlW
2025-07-09T11:35:31.773409200,https://qrfy.io/0BwMqLVXlW
2025-07-09T11:35:31.793070400,https://qrfy.io/0BwMqLVXlW
2025-07-09T11:35:31.814139400,https://qrfy.io/0BwMqLVXlW
2025-07-09T11:35:31.831499900,https://qrfy.io/0BwMqLVXlW
2025-07-09T11:35:31.854818300,https://qrfy.io/0BwMqLVXlW
2025-07-09T11:35:31.894432700,https://qrfy.io/0BwMqLVXlW
2025-07-09T11:35:31.989547200,https://qrfy.io/0BwMqLVXlW
2025-07-09T11:35:32.037044700,https://qrfy.io/0BwMqLVXlW
2025-07-09T11:35:32.186014900,https://qrfy.io/0BwMqLVXlW
2025-07-09T11:35:32.264861,https://qrfy.io/0BwMqLVXlW
2025-07-09T11:35:32.287654900,https://qrfy.io/0BwMqLVXlW
2025-07-09T11:35:32.311453500,https://qrfy.io/0BwMqLVXlW
2025-07-09T11:35:32.329374600,https://qrfy.io/0BwMqLVXlW
2025-07-09T11:35:32.373795400,https://qrfy.io/0BwMqLVXlW
2025-07-09T11:35:32.396080700,https://qrfy.io/0BwMqLVXlW
2025-07-09T11:35:32.434495600,https://qrfy.io/0BwMqLVXlW
2025-07-09T11:35:32.453410900,https://qrfy.io/0BwMqLVXlW
2025-07-09T11:35:32.500929200,https://qrfy.io/0BwMqLVXlW
2025-07-09T11:35:32.522884200,https://qrfy.io/0BwMqLVXlW
2025-07-09T11:35:32.567145700,https://qrfy.io/0BwMqLVXlW
2025-07-09T11:35:32.594380500,https://qrfy.io/0BwMqLVXlW
2025-07-09T11:35:32.628958600,https://qrfy.io/0BwMqLVXlW
2025-07-09T11:35:32.647574400,https://qrfy.io/0BwMqLVXlW
2025-07-09T11:35:32.690211700,https://qrfy.io/0BwMqLVXlW
2025-07-09T11:35:32.712186800,https://qrfy.io/0BwMqLVXlW
2025-07-09T11:35:32.777451600,https://qrfy.io/0BwMqLVXlW
2025-07-09T11:35:32.802581200,https://qrfy.io/0BwMqLVXlW
2025-07-09T11:35:32.832791700,https://qrfy.io/0BwMqLVXlW
2025-07-09T11:35:32.859179800,https://qrfy.io/0BwMqLVXlW
2025-07-09T11:35:32.895528900,https://qrfy.io/0BwMqLVXlW
2025-07-09T11:35:32.910812700,https://qrfy.io/0BwMqLVXlW
2025-07-09T11:35:32.969932500,https://qrfy.io/0BwMqLVXlW
2025-07-09T11:35:32.999759900,https://qrfy.io/0BwMqLVXlW
2025-07-09T11:35:33.025026500,https://qrfy.io/0BwMqLVXlW
2025-07-09T11:35:33.053624900,https://qrfy.io/0BwMqLVXlW
2025-07-09T11:35:33.090417600,https://qrfy.io/0BwMqLVXlW
2025-07-09T11:35:33.110297800,https://qrfy.io/0BwMqLVXlW
2025-07-09T11:35:33.180872100,https://qrfy.io/0BwMqLVXlW
2025-07-09T11:35:33.202287900,https://qrfy.io/0BwMqLVXlW
2025-07-09T11:35:33.229678500,https://qrfy.io/0BwMqLVXlW
2025-07-09T11:35:33.245850,https://qrfy.io/0BwMqLVXlW
2025-07-09T11:35:33.302917900,https://qrfy.io/0BwMqLVXlW
2025-07-09T11:35:33.334604300,https://qrfy.io/0BwMqLVXlW
2025-07-09T11:35:33.368389100,https://qrfy.io/0BwMqLVXlW
2025-07-09T11:35:33.388711400,https://qrfy.io/0BwMqLVXlW
2025-07-09T11:35:33.431577100,https://qrfy.io/0BwMqLVXlW
2025-07-09T11:35:33.454827300,https://qrfy.io/0BwMqLVXlW
2025-07-09T11:35:33.494140600,https://qrfy.io/0BwMqLVXlW
2025-07-09T11:35:33.519143100,https://qrfy.io/0BwMqLVXlW
2025-07-09T11:35:33.582828800,https://qrfy.io/0BwMqLVXlW
2025-07-09T11:35:33.603444,https://qrfy.io/0BwMqLVXlW
2025-07-09T11:35:33.637651400,https://qrfy.io/0BwMqLVXlW
2025-07-09T11:35:33.661287400,https://qrfy.io/0BwMqLVXlW
2025-07-09T11:35:33.702086300,https://qrfy.io/0BwMqLVXlW
2025-07-09T11:35:33.729229100,https://qrfy.io/0BwMqLVXlW
2025-07-09T11:35:33.755260900,https://qrfy.io/0BwMqLVXlW
2025-07-09T11:35:33.781774400,https://qrfy.io/0BwMqLVXlW
2025-07-09T11:35:33.831116800,https://qrfy.io/0BwMqLVXlW
2025-07-09T11:35:33.855349400,https://qrfy.io/0BwMqLVXlW
2025-07-09T11:35:33.894706900,https://qrfy.io/0BwMqLVXlW
2025-07-09T11:35:33.922943400,https://qrfy.io/0BwMqLVXlW
2025-07-09T11:35:33.970135800,https://qrfy.io/0BwMqLVXlW
2025-07-09T11:35:33.987323400,https://qrfy.io/0BwMqLVXlW
2025-07-09T11:35:34.040346600,https://qrfy.io/0BwMqLVXlW
2025-07-09T11:35:34.112913700,https://qrfy.io/0BwMqLVXlW
2025-07-09T11:35:34.180341400,https://qrfy.io/0BwMqLVXlW
2025-07-09T11:35:34.205984,https://qrfy.io/0BwMqLVXlW
2025-07-09T11:35:34.231309500,https://qrfy.io/0BwMqLVXlW
2025-07-09T11:35:34.259316200,https://qrfy.io/0BwMqLVXlW
2025-07-09T11:35:34.293858400,https://qrfy.io/0BwMqLVXlW
2025-07-09T11:35:34.317883900,https://qrfy.io/0BwMqLVXlW
2025-07-09T11:35:34.364206,https://qrfy.io/0BwMqLVXlW
2025-07-09T11:35:34.381577200,https://qrfy.io/0BwMqLVXlW
2025-07-09T11:35:34.437473600,https://qrfy.io/0BwMqLVXlW
2025-07-09T11:35:34.458510500,https://qrfy.io/0BwMqLVXlW
2025-07-09T11:35:34.502268400,https://qrfy.io/0BwMqLVXlW
2025-07-09T11:35:34.527873400,https://qrfy.io/0BwMqLVXlW
2025-07-09T11:35:34.564575900,https://qrfy.io/0BwMqLVXlW
2025-07-09T11:35:34.585451700,https://qrfy.io/0BwMqLVXlW
2025-07-09T11:35:34.624580700,https://qrfy.io/0BwMqLVXlW
2025-07-09T11:36:03.585845100,https://uqr.ai/x2Hyirta
2025-07-09T11:36:03.652204300,https://uqr.ai/x2Hyirta
2025-07-09T11:36:03.672704500,https://uqr.ai/x2Hyirta
2025-07-09T11:36:03.693530100,https://uqr.ai/x2Hyirta
2025-07-09T11:36:03.925875300,https://uqr.ai/x2Hyirta
2025-07-09T11:36:03.998248200,https://uqr.ai/x2Hyirta
2025-07-09T11:36:04.015413700,https://uqr.ai/x2Hyirta
2025-07-09T11:36:04.030745400,https://uqr.ai/x2Hyirta
2025-07-09T11:36:04.118098400,https://uqr.ai/x2Hyirta
2025-07-09T11:36:04.159356200,https://uqr.ai/x2Hyirta
2025-07-09T11:36:04.186930900,https://uqr.ai/x2Hyirta
2025-07-09T11:36:04.223077300,https://uqr.ai/x2Hyirta
2025-07-09T11:36:04.246550600,https://uqr.ai/x2Hyirta
2025-07-09T11:36:04.308556100,https://uqr.ai/x2Hyirta
2025-07-09T11:36:04.321950200,https://uqr.ai/x2Hyirta
2025-07-09T11:36:04.367148700,https://uqr.ai/x2Hyirta
2025-07-09T11:36:04.382090400,https://uqr.ai/x2Hyirta
2025-07-09T11:36:04.440025700,https://uqr.ai/x2Hyirta
2025-07-09T11:36:04.457033200,https://uqr.ai/x2Hyirta
2025-07-09T11:36:04.496400800,https://uqr.ai/x2Hyirta
2025-07-09T11:36:04.514071200,https://uqr.ai/x2Hyirta
2025-07-09T11:36:04.561915,https://uqr.ai/x2Hyirta
2025-07-09T11:36:04.580218300,https://uqr.ai/x2Hyirta
2025-07-09T11:36:04.621545900,https://uqr.ai/x2Hyirta
2025-07-09T11:36:04.636706300,https://uqr.ai/x2Hyirta
2025-07-09T11:36:04.714064800,https://uqr.ai/x2Hyirta
2025-07-09T11:36:04.736346,https://uqr.ai/x2Hyirta
2025-07-09T11:36:04.770599400,https://uqr.ai/x2Hyirta
2025-07-09T11:36:04.785559500,https://uqr.ai/x2Hyirta
2025-07-09T11:36:04.831875600,https://uqr.ai/x2Hyirta
2025-07-09T11:36:04.853634600,https://uqr.ai/x2Hyirta
2025-07-09T11:36:04.896653,https://uqr.ai/x2Hyirta
2025-07-09T11:36:04.914424700,https://uqr.ai/x2Hyirta
2025-07-09T11:36:04.962533800,https://uqr.ai/x2Hyirta
2025-07-09T11:36:04.987242500,https://uqr.ai/x2Hyirta
2025-07-09T11:36:05.024289,https://uqr.ai/x2Hyirta
2025-07-09T11:36:05.112998700,https://uqr.ai/x2Hyirta
2025-07-09T11:36:05.168824200,https://uqr.ai/x2Hyirta
2025-07-09T11:36:05.186753400,https://uqr.ai/x2Hyirta
2025-07-09T11:36:05.237450400,https://uqr.ai/x2Hyirta
2025-07-09T11:36:05.253601400,https://uqr.ai/x2Hyirta
2025-07-09T11:36:05.300195500,https://uqr.ai/x2Hyirta
2025-07-09T11:36:05.316019500,https://uqr.ai/x2Hyirta
2025-07-09T11:36:05.363170500,https://uqr.ai/x2Hyirta
2025-07-09T11:36:05.383983600,https://uqr.ai/x2Hyirta
2025-07-09T11:36:05.471153800,https://uqr.ai/x2Hyirta
2025-07-09T11:36:05.489301300,https://uqr.ai/x2Hyirta
2025-07-09T11:36:05.514333,https://uqr.ai/x2Hyirta
2025-07-09T11:36:05.539645500,https://uqr.ai/x2Hyirta
2025-07-09T11:36:05.567364800,https://uqr.ai/x2Hyirta
2025-07-09T11:36:05.587041200,https://uqr.ai/x2Hyirta
2025-07-09T11:36:05.630821700,https://uqr.ai/x2Hyirta
2025-07-09T11:36:05.692550600,https://uqr.ai/x2Hyirta
2025-07-09T11:36:05.721083,https://uqr.ai/x2Hyirta
2025-07-09T11:36:05.747664800,https://uqr.ai/x2Hyirta
2025-07-09T11:36:05.771737,https://uqr.ai/x2Hyirta
2025-07-09T11:36:05.925292300,https://uqr.ai/x2Hyirta
2025-07-09T11:36:05.970211100,https://uqr.ai/x2Hyirta
2025-07-09T11:36:05.987219100,https://uqr.ai/x2Hyirta
2025-07-09T11:36:06.035625600,https://uqr.ai/x2Hyirta
2025-07-09T11:36:06.054367200,https://uqr.ai/x2Hyirta
2025-07-09T11:36:06.101606300,https://uqr.ai/x2Hyirta
2025-07-09T11:36:06.126167500,https://uqr.ai/x2Hyirta
2025-07-09T11:36:06.166894700,https://uqr.ai/x2Hyirta
2025-07-09T11:36:06.189389100,https://uqr.ai/x2Hyirta
2025-07-09T11:36:06.225489200,https://uqr.ai/x2Hyirta
2025-07-09T11:36:06.241620600,https://uqr.ai/x2Hyirta
2025-07-09T11:36:06.309503500,https://uqr.ai/x2Hyirta
2025-07-09T11:36:06.329816900,https://uqr.ai/x2Hyirta
2025-07-09T11:36:06.370851300,https://uqr.ai/x2Hyirta
2025-07-09T11:36:06.387250800,https://uqr.ai/x2Hyirta
2025-07-09T11:36:06.438789700,https://uqr.ai/x2Hyirta
2025-07-09T11:36:06.457627400,https://uqr.ai/x2Hyirta
2025-07-09T11:36:06.500158500,https://uqr.ai/x2Hyirta
2025-07-09T11:36:06.518940400,https://uqr.ai/x2Hyirta
2025-07-09T11:36:06.567068200,https://uqr.ai/x2Hyirta
2025-07-09T11:36:06.582950800,https://uqr.ai/x2Hyirta
2025-07-09T11:36:06.631253300,https://uqr.ai/x2Hyirta
2025-07-09T11:36:06.656460900,https://uqr.ai/x2Hyirta
2025-07-09T11:36:06.714414100,https://uqr.ai/x2Hyirta
2025-07-09T11:36:06.738342900,https://uqr.ai/x2Hyirta
2025-07-09T11:36:06.768045200,https://uqr.ai/x2Hyirta
2025-07-09T11:36:06.785442900,https://uqr.ai/x2Hyirta
2025-07-09T11:36:06.837660500,https://uqr.ai/x2Hyirta
2025-07-09T11:36:06.862531100,https://uqr.ai/x2Hyirta
2025-07-09T11:36:06.903321,https://uqr.ai/x2Hyirta
2025-07-09T11:36:06.984112800,https://uqr.ai/x2Hyirta
2025-07-09T11:36:07.027914700,https://uqr.ai/x2Hyirta
2025-07-09T11:36:07.051839600,https://uqr.ai/x2Hyirta
2025-07-09T11:36:07.112313200,https://uqr.ai/x2Hyirta
2025-07-09T11:36:07.138688600,https://uqr.ai/x2Hyirta
2025-07-09T11:36:07.174890500,https://uqr.ai/x2Hyirta
2025-07-09T11:36:07.191434600,https://uqr.ai/x2Hyirta
2025-07-09T11:36:07.236164,https://uqr.ai/x2Hyirta
2025-07-09T11:36:07.308478,https://uqr.ai/x2Hyirta
2025-07-09T11:36:07.368858400,https://uqr.ai/x2Hyirta
2025-07-09T11:36:07.399185700,https://uqr.ai/x2Hyirta
2025-07-09T11:36:07.423467900,https://uqr.ai/x2Hyirta
2025-07-09T11:36:07.441701200,https://uqr.ai/x2Hyirta
2025-07-09T11:36:07.514121400,https://uqr.ai/x2Hyirta
2025-07-09T11:36:07.534837900,https://uqr.ai/x2Hyirta
2025-07-09T11:36:07.569720500,https://uqr.ai/x2Hyirta
2025-07-09T11:42:48.124248700,https://forms.gle/EbPgoRDQ71p3cFDi7
2025-07-09T11:42:48.202131900,https://forms.gle/EbPgoRDQ71p3cFDi7
2025-07-09T11:42:55.485068100,https://forms.gle/EbPgoRDQ71p3cFDi7
2025-07-09T11:42:55.546862600,https://forms.gle/EbPgoRDQ71p3cFDi7
2025-07-09T11:42:55.618596800,https://forms.gle/EbPgoRDQ71p3cFDi7
2025-07-09T11:42:55.667075,https://forms.gle/EbPgoRDQ71p3cFDi7
2025-07-09T11:42:55.682818500,https://forms.gle/EbPgoRDQ71p3cFDi7
2025-07-09T11:42:55.733083600,https://forms.gle/EbPgoRDQ71p3cFDi7
2025-07-09T11:42:55.820578200,https://forms.gle/EbPgoRDQ71p3cFDi7
2025-07-09T11:42:55.864141400,https://forms.gle/EbPgoRDQ71p3cFDi7
2025-07-09T11:42:55.883114900,https://forms.gle/EbPgoRDQ71p3cFDi7
2025-07-09T11:42:55.949178900,https://forms.gle/EbPgoRDQ71p3cFDi7
2025-07-09T11:42:55.967929700,https://forms.gle/EbPgoRDQ71p3cFDi7
2025-07-09T11:42:56.005237100,https://forms.gle/EbPgoRDQ71p3cFDi7
2025-07-09T11:42:56.026086700,https://forms.gle/EbPgoRDQ71p3cFDi7
2025-07-09T11:42:56.075935100,https://forms.gle/EbPgoRDQ71p3cFDi7
2025-07-09T11:42:57.744212100,https://forms.gle/EbPgoRDQ71p3cFDi7
2025-07-09T11:42:57.794257100,https://forms.gle/EbPgoRDQ71p3cFDi7
2025-07-09T11:42:57.812143700,https://forms.gle/EbPgoRDQ71p3cFDi7
2025-07-09T11:42:57.868849900,https://forms.gle/EbPgoRDQ71p3cFDi7
2025-07-09T11:42:58.080090800,https://forms.gle/EbPgoRDQ71p3cFDi7
2025-07-09T11:42:58.151033800,https://forms.gle/EbPgoRDQ71p3cFDi7
2025-07-09T11:42:58.416422600,https://forms.gle/EbPgoRDQ71p3cFDi7
2025-07-09T11:42:58.493057400,https://forms.gle/EbPgoRDQ71p3cFDi7
2025-07-09T11:42:59.015222300,https://forms.gle/EbPgoRDQ71p3cFDi7
2025-07-09T11:42:59.086538300,https://forms.gle/EbPgoRDQ71p3cFDi7
2025-07-09T11:42:59.103669,https://forms.gle/EbPgoRDQ71p3cFDi7
2025-07-09T11:42:59.137608,https://forms.gle/EbPgoRDQ71p3cFDi7
2025-07-09T11:43:10.888616900,https://forms.gle/UNUo3U8yFAGGs89y9
2025-07-09T11:43:10.965120900,https://forms.gle/UNUo3U8yFAGGs89y9
2025-07-09T11:43:11.221569,https://forms.gle/UNUo3U8yFAGGs89y9
2025-07-09T11:43:11.266229100,https://forms.gle/UNUo3U8yFAGGs89y9
2025-07-09T11:43:15.814077400,https://forms.gle/UNUo3U8yFAGGs89y9
2025-07-09T11:43:15.886603800,https://forms.gle/UNUo3U8yFAGGs89y9
2025-07-09T11:51:32.722652,15206862
2025-07-09T11:51:32.776325600,15206862
2025-07-09T11:52:08.523404,12941713
2025-07-09T11:52:08.561939800,12941713
2025-07-09T11:54:11.611154600,smsto:0043-7252-72720:QR Code Generator by TEC-IT
2025-07-09T11:54:11.653265500,smsto:0043-7252-72720:QR Code Generator by TEC-IT
2025-07-09T11:54:11.738351300,smsto:0043-7252-72720:QR Code Generator by TEC-IT
2025-07-09T11:54:11.782586400,smsto:0043-7252-72720:QR Code Generator by TEC-IT
2025-07-09T11:54:13.804470,smsto:0043-7252-72720:QR Code Generator by TEC-IT
2025-07-09T11:54:13.862437700,smsto:0043-7252-72720:QR Code Generator by TEC-IT
2025-07-09T11:54:13.883620200,smsto:0043-7252-72720:QR Code Generator by TEC-IT
2025-07-09T11:54:13.906289900,smsto:0043-7252-72720:QR Code Generator by TEC-IT
2025-07-09T11:54:13.926111,smsto:0043-7252-72720:QR Code Generator by TEC-IT
2025-07-09T11:54:13.943647600,smsto:0043-7252-72720:QR Code Generator by TEC-IT
2025-07-09T11:54:13.988015600,smsto:0043-7252-72720:QR Code Generator by TEC-IT
2025-07-09T11:54:14.004749,smsto:0043-7252-72720:QR Code Generator by TEC-IT
2025-07-09T11:54:14.057272400,smsto:0043-7252-72720:QR Code Generator by TEC-IT
2025-07-09T11:54:14.133070200,smsto:0043-7252-72720:QR Code Generator by TEC-IT
2025-07-09T11:54:14.155369500,smsto:0043-7252-72720:QR Code Generator by TEC-IT
2025-07-09T11:54:14.182708300,smsto:0043-7252-72720:QR Code Generator by TEC-IT
2025-07-09T11:54:14.197803,smsto:0043-7252-72720:QR Code Generator by TEC-IT
2025-07-09T11:54:14.256382800,smsto:0043-7252-72720:QR Code Generator by TEC-IT
2025-07-09T11:54:14.278146700,smsto:0043-7252-72720:QR Code Generator by TEC-IT
2025-07-09T11:54:14.296060800,smsto:0043-7252-72720:QR Code Generator by TEC-IT
2025-07-09T11:54:14.325506,smsto:0043-7252-72720:QR Code Generator by TEC-IT
2025-07-09T11:54:14.341579100,smsto:0043-7252-72720:QR Code Generator by TEC-IT
2025-07-09T11:54:14.393794800,smsto:0043-7252-72720:QR Code Generator by TEC-IT
2025-07-09T11:54:14.526603400,smsto:0043-7252-72720:QR Code Generator by TEC-IT
2025-07-09T11:54:14.582538200,smsto:0043-7252-72720:QR Code Generator by TEC-IT
2025-07-09T11:54:14.602291,smsto:0043-7252-72720:QR Code Generator by TEC-IT
2025-07-09T11:54:14.626189700,smsto:0043-7252-72720:QR Code Generator by TEC-IT
2025-07-09T11:54:14.641474600,smsto:0043-7252-72720:QR Code Generator by TEC-IT
2025-07-09T11:54:14.660578200,smsto:0043-7252-72720:QR Code Generator by TEC-IT
2025-07-09T11:54:14.675929,smsto:0043-7252-72720:QR Code Generator by TEC-IT
2025-07-09T11:54:14.733048900,smsto:0043-7252-72720:QR Code Generator by TEC-IT
2025-07-09T11:54:14.751994600,smsto:0043-7252-72720:QR Code Generator by TEC-IT
2025-07-09T11:54:14.792182,smsto:0043-7252-72720:QR Code Generator by TEC-IT
2025-07-09T11:54:14.808359400,smsto:0043-7252-72720:QR Code Generator by TEC-IT
2025-07-09T11:54:14.853862,smsto:0043-7252-72720:QR Code Generator by TEC-IT
2025-07-09T11:54:14.924274800,smsto:0043-7252-72720:QR Code Generator by TEC-IT
2025-07-09T11:54:15.002558,smsto:0043-7252-72720:QR Code Generator by TEC-IT
2025-07-09T11:54:15.056062700,smsto:0043-7252-72720:QR Code Generator by TEC-IT
2025-07-09T11:54:15.141145,smsto:0043-7252-72720:QR Code Generator by TEC-IT
2025-07-09T11:54:15.197602400,smsto:0043-7252-72720:QR Code Generator by TEC-IT
2025-07-09T11:54:28.287590,https://qrcode.tec-it.com
2025-07-09T11:54:28.333231700,https://qrcode.tec-it.com
2025-07-09T11:54:28.349434800,https://qrcode.tec-it.com
2025-07-09T11:54:28.396752600,https://qrcode.tec-it.com
2025-07-09T11:54:28.419182800,https://qrcode.tec-it.com
2025-07-09T11:54:28.458030500,https://qrcode.tec-it.com
2025-07-09T11:54:28.532092,https://qrcode.tec-it.com
2025-07-09T11:54:28.553549100,https://qrcode.tec-it.com
2025-07-09T11:54:28.585878600,https://qrcode.tec-it.com
2025-07-09T11:54:28.606299,https://qrcode.tec-it.com
2025-07-09T11:54:28.621462500,https://qrcode.tec-it.com
2025-07-09T11:54:28.668300100,https://qrcode.tec-it.com
2025-07-09T11:54:28.687011200,https://qrcode.tec-it.com
2025-07-09T11:54:28.726442700,https://qrcode.tec-it.com
2025-07-09T11:54:28.750378800,https://qrcode.tec-it.com
2025-07-09T11:54:28.794374300,https://qrcode.tec-it.com
2025-07-09T11:54:28.923745400,https://qrcode.tec-it.com
2025-07-09T11:54:28.980254100,https://qrcode.tec-it.com
2025-07-09T11:54:28.996159900,https://qrcode.tec-it.com
2025-07-09T11:54:29.018132500,https://qrcode.tec-it.com
2025-07-09T11:54:29.032180900,https://qrcode.tec-it.com
2025-07-09T11:54:29.061713900,https://qrcode.tec-it.com
2025-07-09T11:54:29.077474400,https://qrcode.tec-it.com
2025-07-09T11:54:29.133792700,https://qrcode.tec-it.com
2025-07-09T11:54:37.548050900,WIFI:T:nopass;S:SSID;P:;;
2025-07-09T11:54:37.594027500,WIFI:T:nopass;S:SSID;P:;;
2025-07-09T11:54:37.614020100,WIFI:T:nopass;S:SSID;P:;;
2025-07-09T11:54:37.660930500,WIFI:T:nopass;S:SSID;P:;;
2025-07-09T11:54:38.810427900,WIFI:T:nopass;S:SSID;P:;;
2025-07-09T11:54:38.853970400,WIFI:T:nopass;S:SSID;P:;;
2025-07-09T11:54:39.005967400,WIFI:T:nopass;S:SSID;P:;;
2025-07-09T11:54:39.044864800,WIFI:T:nopass;S:SSID;P:;;
2025-07-09T11:54:39.065782200,WIFI:T:nopass;S:SSID;P:;;
2025-07-09T11:54:39.084999,WIFI:T:nopass;S:SSID;P:;;
2025-07-09T11:54:39.124926100,WIFI:T:nopass;S:SSID;P:;;
2025-07-09T11:54:39.738352700,WIFI:T:nopass;S:SSID;P:;;
2025-07-09T11:54:39.787776600,WIFI:T:nopass;S:SSID;P:;;
2025-07-09T11:54:39.810730500,WIFI:T:nopass;S:SSID;P:;;
2025-07-09T11:54:39.827260100,WIFI:T:nopass;S:SSID;P:;;
2025-07-09T11:54:39.863195900,WIFI:T:nopass;S:SSID;P:;;
2025-07-09T11:54:39.881529900,WIFI:T:nopass;S:SSID;P:;;
2025-07-09T11:54:39.929742600,WIFI:T:nopass;S:SSID;P:;;
2025-07-09T11:54:39.952046800,WIFI:T:nopass;S:SSID;P:;;
2025-07-09T11:54:39.995596400,WIFI:T:nopass;S:SSID;P:;;
2025-07-09T11:54:40.012651300,WIFI:T:nopass;S:SSID;P:;;
2025-07-09T11:54:40.059604900,WIFI:T:nopass;S:SSID;P:;;
2025-07-09T11:54:40.128067,WIFI:T:nopass;S:SSID;P:;;
2025-07-09T11:54:40.148980700,WIFI:T:nopass;S:SSID;P:;;
2025-07-09T11:54:40.183237700,WIFI:T:nopass;S:SSID;P:;;
2025-07-09T11:54:40.199362400,WIFI:T:nopass;S:SSID;P:;;
2025-07-09T11:54:40.218647800,WIFI:T:nopass;S:SSID;P:;;
2025-07-09T11:54:40.264750500,WIFI:T:nopass;S:SSID;P:;;
2025-07-09T11:54:40.282342200,WIFI:T:nopass;S:SSID;P:;;
2025-07-09T11:54:40.327066900,WIFI:T:nopass;S:SSID;P:;;
2025-07-09T11:54:40.340814400,WIFI:T:nopass;S:SSID;P:;;
2025-07-09T11:54:40.391255600,WIFI:T:nopass;S:SSID;P:;;
2025-07-09T11:54:40.404538600,WIFI:T:nopass;S:SSID;P:;;
2025-07-09T11:54:40.453864500,WIFI:T:nopass;S:SSID;P:;;
2025-07-09T11:54:40.530387300,WIFI:T:nopass;S:SSID;P:;;
2025-07-09T11:54:40.549493500,WIFI:T:nopass;S:SSID;P:;;
2025-07-09T11:54:40.585086400,WIFI:T:nopass;S:SSID;P:;;
2025-07-09T11:54:40.599902500,WIFI:T:nopass;S:SSID;P:;;
2025-07-09T11:54:40.617464400,WIFI:T:nopass;S:SSID;P:;;
2025-07-09T11:54:40.662521100,WIFI:T:nopass;S:SSID;P:;;
2025-07-09T11:54:40.678776100,WIFI:T:nopass;S:SSID;P:;;
2025-07-09T11:54:40.728153800,WIFI:T:nopass;S:SSID;P:;;
2025-07-09T11:54:40.746824200,WIFI:T:nopass;S:SSID;P:;;
2025-07-09T11:54:40.792970500,WIFI:T:nopass;S:SSID;P:;;
2025-07-09T11:54:40.816972300,WIFI:T:nopass;S:SSID;P:;;
2025-07-09T11:54:40.853834400,WIFI:T:nopass;S:SSID;P:;;
2025-07-09T11:54:40.925797700,WIFI:T:nopass;S:SSID;P:;;
2025-07-09T11:54:40.950858700,WIFI:T:nopass;S:SSID;P:;;
2025-07-09T11:54:40.986792600,WIFI:T:nopass;S:SSID;P:;;
2025-07-09T11:54:41.009200600,WIFI:T:nopass;S:SSID;P:;;
2025-07-09T11:54:41.029450900,WIFI:T:nopass;S:SSID;P:;;
2025-07-09T11:54:41.067384300,WIFI:T:nopass;S:SSID;P:;;
2025-07-09T11:54:41.082079800,WIFI:T:nopass;S:SSID;P:;;
2025-07-09T11:54:41.125319,WIFI:T:nopass;S:SSID;P:;;
2025-07-09T11:54:41.148627800,WIFI:T:nopass;S:SSID;P:;;
2025-07-09T11:54:41.186309400,WIFI:T:nopass;S:SSID;P:;;
2025-07-09T11:55:57.947321900,8901709007753
2025-07-09T11:55:57.988828100,8901709007753
2025-07-09T11:55:58.009483200,8901709007753
2025-07-09T11:55:58.076148400,8901709007753
2025-07-09T11:55:58.088260200,8901709007753
2025-07-09T11:55:58.135296500,8901709007753
2025-07-09T11:55:58.402828700,8901709007753
2025-07-09T11:55:58.467675400,8901709007753
2025-07-09T11:55:58.808817700,8901709007753
2025-07-09T11:55:58.868691900,8901709007753
2025-07-09T11:55:58.941852900,8901709007753
2025-07-09T11:55:58.993041900,8901709007753
2025-07-09T11:55:59.015004900,8901709007753
2025-07-09T11:55:59.065814900,8901709007753
2025-07-09T11:55:59.222571400,8901709007753
2025-07-09T11:55:59.269518200,8901709007753
2025-07-09T11:55:59.349474100,8901709007753
2025-07-09T11:55:59.399448600,8901709007753
2025-07-09T11:55:59.416998400,8901709007753
2025-07-09T11:55:59.464361900,8901709007753
2025-07-09T11:55:59.624664500,8901709007753
2025-07-09T11:55:59.668837,8901709007753
2025-07-09T11:57:21.825361500,07693069
2025-07-09T11:57:21.876215300,07693069
2025-07-09T11:57:34.568116700,9323222999992
2025-07-09T11:57:34.615715800,9323222999992
2025-07-09T11:57:35.617172600,9323222999992
2025-07-09T11:57:35.665691200,9323222999992
2025-07-09T11:57:36.174292700,9323222999992
2025-07-09T11:57:36.217839100,9323222999992
2025-07-09T11:57:36.240678300,9323222999992
2025-07-09T11:57:36.277813900,9323222999992
2025-07-09T11:57:36.300178900,9323222999992
2025-07-09T11:57:36.342695800,9323222999992
2025-07-09T11:57:36.572132500,9323222999992
2025-07-09T11:57:36.621362100,9323222999992
2025-07-09T11:57:36.636982100,9323222999992
2025-07-09T11:57:36.689040800,9323222999992
2025-07-09T11:57:36.708731800,9323222999992
2025-07-09T11:57:36.742051400,9323222999992
2025-07-09T11:57:36.758881400,9323222999992
2025-07-09T11:57:36.811406100,9323222999992
2025-07-09T11:57:36.835348900,9323222999992
2025-07-09T11:57:36.872875600,9323222999992
2025-07-09T11:57:36.978412200,9323222999992
2025-07-09T11:57:37.015991900,9323222999992
2025-07-09T11:57:37.030036600,9323222999992
2025-07-09T11:57:37.083711200,9323222999992
2025-07-09T11:57:37.110760100,9323222999992
2025-07-09T11:57:37.145254300,9323222999992
2025-07-09T11:57:37.166239600,9323222999992
2025-07-09T11:57:37.208310600,9323222999992
2025-07-09T11:57:37.225870500,9323222999992
2025-07-09T11:57:37.269866800,9323222999992
2025-07-09T11:57:37.287554200,9323222999992
2025-07-09T11:57:37.358390100,9323222999992
2025-07-09T11:57:37.374039400,9323222999992
2025-07-09T11:57:37.414657100,9323222999992
2025-07-09T11:57:37.432098,9323222999992
2025-07-09T11:57:37.480541,9323222999992
2025-07-09T11:57:37.627825300,9323222999992
2025-07-09T11:57:37.679887500,9323222999992
2025-07-09T11:57:37.699664200,9323222999992
2025-07-09T11:57:37.754020600,9323222999992
2025-07-09T11:57:37.769594100,9323222999992
2025-07-09T11:57:37.811182700,9323222999992
2025-07-09T11:57:37.966353500,9323222999992
2025-07-09T11:57:38.019931,9323222999992
2025-07-09T11:57:38.035397500,9323222999992
2025-07-09T11:57:38.072548900,9323222999992
2025-07-09T11:57:38.091118,9323222999992
2025-07-09T11:57:38.157117900,9323222999992
2025-07-09T11:57:38.172831900,13232229
2025-07-09T11:57:38.213276900,13232229
2025-07-09T11:57:38.231646900,9323222999992
2025-07-09T11:57:38.284900100,9323222999992
2025-07-09T11:57:38.300342200,9323222999992
2025-07-09T11:57:38.341965500,9323222999992
2025-07-09T11:57:47.090685600,012345678905
2025-07-09T11:57:47.144192100,012345678905
2025-07-09T11:57:47.159772,012345678905
2025-07-09T11:57:47.206545900,012345678905
2025-07-09T11:57:47.622580800,012345678905
2025-07-09T11:57:47.676203,012345678905
2025-07-09T11:57:47.698106700,012345678905
2025-07-09T11:57:47.758901900,012345678905
2025-07-09T11:57:47.782108900,012345678905
2025-07-09T11:57:47.810823900,012345678905
2025-07-09T11:57:48.158749600,012345678905
2025-07-09T11:57:48.213956800,012345678905
2025-07-09T11:57:48.232818900,012345678905
2025-07-09T11:57:48.281494500,012345678905
2025-07-09T11:57:48.302611400,012345678905
2025-07-09T11:57:48.344612200,012345678905
2025-07-09T11:57:48.361394100,012345678905
2025-07-09T11:57:48.413102500,012345678905
2025-07-09T11:57:48.437754900,012345678905
2025-07-09T11:57:48.471076400,012345678905
2025-07-09T11:57:54.230329600,21123450
2025-07-09T11:57:54.286353200,21123450
2025-07-09T11:57:57.032564400,21123450
2025-07-09T11:57:57.086221900,21123450
2025-07-09T11:57:57.159843800,21123450
2025-07-09T11:57:57.211422900,21123450
2025-07-09T11:57:57.227683100,21123450
2025-07-09T11:57:57.286162500,21123450
2025-07-09T11:57:57.306044900,21123450
2025-07-09T11:57:57.352923400,21123450
2025-07-09T11:57:57.370144300,21123450
2025-07-09T11:57:57.415239200,21123450
2025-07-09T11:57:57.895827,21123450
2025-07-09T11:57:57.947195700,21123450
2025-07-09T11:57:57.971756700,21123450
2025-07-09T11:57:58.009569600,21123450
2025-07-09T11:57:58.027811800,21123450
2025-07-09T11:57:58.086278300,21123450
2025-07-09T12:06:53.856559,https://forms.gle/UNUo3U8yFAGGs89y9
2025-07-09T12:07:11.554082,https://forms.gle/EbPgoRDQ71p3cFDi7
2025-07-09T12:11:46.590518900,https://forms.gle/EbPgoRDQ71p3cFDi7
2025-07-09T12:12:09.319141700,https://forms.gle/UNUo3U8yFAGGs89y9
2025-07-09T12:12:18.167374600,21123450
2025-07-09T12:12:33.568719,00134569
2025-07-09T12:12:48.371519100,21234569
2025-07-09T12:13:00.576348,21123450
2025-07-09T12:13:19.178476300,1234567893716
2025-07-09T12:13:25.641160800,9771234567003
2025-07-09T12:29:05.027426500,https://qrfy.io/cAWB0xD_MO
2025-07-09T12:29:07.823010100,https://qrfy.io/cAWB0xD_MO
2025-07-09T12:30:00.891752900,https://qr.me-qr.com/zIHJOdl5
2025-07-09T12:30:03.673380100,https://qr.me-qr.com/zIHJOdl5
2025-07-09T12:30:08.179063800,https://qr.me-qr.com/zIHJOdl5
2025-07-09T12:30:09.941607200,https://qr.me-qr.com/zIHJOdl5
2025-07-09T12:30:23.163169300,https://qr.me-qr.com/zIHJOdl5
2025-07-09T12:30:25.195788800,https://qr.me-qr.com/zIHJOdl5
2025-07-09T12:41:08.441211400,https://qr.me-qr.com/zIHJOdl5
2025-07-09T12:41:12.139720800,https://qr.me-qr.com/zIHJOdl5
2025-07-09T12:41:17.504945800,https://qr.me-qr.com/zIHJOdl5
2025-07-09T12:46:54.804005200,https://qrfy.io/cAWB0xD_MO
2025-07-09T12:49:32.070535200,https://qrfy.io/cAWB0xD_MO
2025-07-09T12:51:56.427647700,https://qrfy.io/cAWB0xD_MO
2025-07-09T12:52:05.219374500,https://qrfy.io/cAWB0xD_MO
